timestamp,voltage_v,current_a,power_factor
2026-07-01 00:00:00,231.04,1.68,0.82
2026-07-01 00:05:00,226.76,1.28,0.82
2026-07-01 00:10:00,229.76,0.91,0.87
2026-07-01 00:15:00,233.01,0.58,0.81
2026-07-01 00:20:00,232.6,1.22,0.86
2026-07-01 00:25:00,234.07,1.03,0.82
2026-07-01 00:30:00,232.69,0.46,0.81
2026-07-01 00:35:00,229.35,0.65,0.82
2026-07-01 00:40:00,229.85,0.56,0.85
2026-07-01 00:45:00,230.76,0.52,0.82
2026-07-01 00:50:00,225.95,0.49,0.81
2026-07-01 00:55:00,229.34,1.56,0.87
2026-07-01 01:00:00,227.62,0.58,0.81
2026-07-01 01:05:00,230.27,1.32,0.83
2026-07-01 01:10:00,225.53,0.77,0.81
2026-07-01 01:15:00,229.43,0.8,0.83
2026-07-01 01:20:00,230.79,1.65,0.85
2026-07-01 01:25:00,233.5,1.52,0.82
2026-07-01 01:30:00,232.56,0.65,0.82
2026-07-01 01:35:00,228.84,1.68,0.83
2026-07-01 01:40:00,226.31,0.97,0.84
2026-07-01 01:45:00,225.07,0.95,0.83
2026-07-01 01:50:00,229.91,1.4,0.85
2026-07-01 01:55:00,227.91,1.53,0.87
2026-07-01 02:00:00,226.65,1.04,0.87
2026-07-01 02:05:00,225.97,0.92,0.86
2026-07-01 02:10:00,229.51,1.32,0.83
2026-07-01 02:15:00,230.74,1.23,0.87
2026-07-01 02:20:00,231.01,1.24,0.86
2026-07-01 02:25:00,229.12,0.8,0.85
2026-07-01 02:30:00,232.46,0.83,0.87
2026-07-01 02:35:00,227.04,1.17,0.85
2026-07-01 02:40:00,230.2,1.09,0.87
2026-07-01 02:45:00,225.66,1.26,0.87
2026-07-01 02:50:00,233.21,0.76,0.86
2026-07-01 02:55:00,234.45,1.59,0.86
2026-07-01 03:00:00,230.96,0.78,0.82
2026-07-01 03:05:00,233.25,0.79,0.86
2026-07-01 03:10:00,227.21,1.07,0.88
2026-07-01 03:15:00,230.95,0.58,0.87
2026-07-01 03:20:00,228.17,0.51,0.84
2026-07-01 03:25:00,233.44,0.66,0.83
2026-07-01 03:30:00,228.92,0.66,0.82
2026-07-01 03:35:00,226.26,1.54,0.84
2026-07-01 03:40:00,226.61,0.85,0.82
2026-07-01 03:45:00,234.22,1.44,0.81
2026-07-01 03:50:00,225.59,1.54,0.81
2026-07-01 03:55:00,234.37,0.67,0.87
2026-07-01 04:00:00,228.08,0.51,0.84
2026-07-01 04:05:00,233.06,0.86,0.82
2026-07-01 04:10:00,232.59,0.83,0.87
2026-07-01 04:15:00,230.63,1.27,0.87
2026-07-01 04:20:00,230.0,1.4,0.85
2026-07-01 04:25:00,227.53,1.61,0.87
2026-07-01 04:30:00,226.85,0.42,0.81
2026-07-01 04:35:00,232.53,1.03,0.82
2026-07-01 04:40:00,225.96,1.12,0.84
2026-07-01 04:45:00,229.94,1.21,0.81
2026-07-01 04:50:00,227.76,0.69,0.81
2026-07-01 04:55:00,230.0,1.59,0.82
2026-07-01 05:00:00,230.39,1.34,0.88
2026-07-01 05:05:00,225.37,1.2,0.82
2026-07-01 05:10:00,231.21,0.55,0.8
2026-07-01 05:15:00,228.28,1.72,0.84
2026-07-01 05:20:00,225.32,0.74,0.85
2026-07-01 05:25:00,229.41,1.04,0.85
2026-07-01 05:30:00,227.3,0.76,0.81
2026-07-01 05:35:00,230.59,0.48,0.82
2026-07-01 05:40:00,226.79,0.47,0.86
2026-07-01 05:45:00,225.99,0.75,0.82
2026-07-01 05:50:00,234.19,0.86,0.86
2026-07-01 05:55:00,229.55,1.0,0.82
2026-07-01 06:00:00,233.21,1.47,0.85
2026-07-01 06:05:00,230.24,1.77,0.84
2026-07-01 06:10:00,231.05,0.53,0.85
2026-07-01 06:15:00,231.83,0.47,0.83
2026-07-01 06:20:00,234.55,1.42,0.87
2026-07-01 06:25:00,226.56,0.56,0.8
2026-07-01 06:30:00,234.92,0.91,0.87
2026-07-01 06:35:00,229.51,1.01,0.84
2026-07-01 06:40:00,227.68,0.85,0.85
2026-07-01 06:45:00,226.08,1.07,0.82
2026-07-01 06:50:00,233.56,1.29,0.82
2026-07-01 06:55:00,234.06,0.66,0.81
2026-07-01 07:00:00,234.78,0.91,0.8
2026-07-01 07:05:00,227.07,1.19,0.8
2026-07-01 07:10:00,231.91,0.76,0.83
2026-07-01 07:15:00,225.79,0.83,0.83
2026-07-01 07:20:00,229.87,0.65,0.81
2026-07-01 07:25:00,228.71,1.57,0.8
2026-07-01 07:30:00,232.58,1.51,0.85
2026-07-01 07:35:00,228.93,1.76,0.83
2026-07-01 07:40:00,233.85,1.16,0.82
2026-07-01 07:45:00,230.87,1.14,0.81
2026-07-01 07:50:00,234.37,0.84,0.81
2026-07-01 07:55:00,231.41,0.4,0.82
2026-07-01 08:00:00,227.11,1.58,0.86
2026-07-01 08:05:00,227.41,1.11,0.86
2026-07-01 08:10:00,234.89,0.46,0.83
2026-07-01 08:15:00,234.17,1.0,0.81
2026-07-01 08:20:00,234.66,1.04,0.87
2026-07-01 08:25:00,232.8,1.4,0.85
2026-07-01 08:30:00,231.91,1.41,0.83
2026-07-01 08:35:00,225.7,1.24,0.82
2026-07-01 08:40:00,231.78,0.75,0.85
2026-07-01 08:45:00,230.43,0.82,0.83
2026-07-01 08:50:00,225.35,1.04,0.81
2026-07-01 08:55:00,229.2,1.46,0.85
2026-07-01 09:00:00,227.8,0.95,0.83
2026-07-01 09:05:00,232.16,1.2,0.83
2026-07-01 09:10:00,228.61,1.48,0.83
2026-07-01 09:15:00,230.65,1.04,0.84
2026-07-01 09:20:00,227.01,0.45,0.84
2026-07-01 09:25:00,226.21,0.63,0.87
2026-07-01 09:30:00,230.71,0.6,0.84
2026-07-01 09:35:00,233.85,1.53,0.87
2026-07-01 09:40:00,228.16,0.64,0.82
2026-07-01 09:45:00,231.78,1.48,0.85
2026-07-01 09:50:00,233.86,1.77,0.81
2026-07-01 09:55:00,228.26,1.64,0.85
2026-07-01 10:00:00,227.95,8.91,0.94
2026-07-01 10:05:00,229.84,5.03,0.94
2026-07-01 10:10:00,226.53,5.69,0.96
2026-07-01 10:15:00,232.65,5.84,0.98
2026-07-01 10:20:00,233.75,8.59,0.94
2026-07-01 10:25:00,234.01,8.88,0.94
2026-07-01 10:30:00,230.55,7.97,0.96
2026-07-01 10:35:00,231.06,6.0,0.93
2026-07-01 10:40:00,226.73,8.42,0.94
2026-07-01 10:45:00,234.82,6.83,0.94
2026-07-01 10:50:00,228.73,5.22,0.97
2026-07-01 10:55:00,225.5,5.64,0.98
2026-07-01 11:00:00,231.09,9.47,0.96
2026-07-01 11:05:00,231.8,8.05,0.93
2026-07-01 11:10:00,228.53,7.45,0.94
2026-07-01 11:15:00,230.97,5.7,0.92
2026-07-01 11:20:00,232.6,4.74,0.96
2026-07-01 11:25:00,231.3,8.9,0.93
2026-07-01 11:30:00,231.94,8.85,0.96
2026-07-01 11:35:00,232.4,9.39,0.93
2026-07-01 11:40:00,226.21,5.62,0.94
2026-07-01 11:45:00,226.42,9.18,0.94
2026-07-01 11:50:00,232.89,8.82,0.97
2026-07-01 11:55:00,225.32,4.9,0.96
2026-07-01 12:00:00,226.36,4.2,0.96
2026-07-01 12:05:00,231.81,4.21,0.93
2026-07-01 12:10:00,228.09,5.46,0.98
2026-07-01 12:15:00,227.23,6.91,0.96
2026-07-01 12:20:00,232.02,7.21,0.92
2026-07-01 12:25:00,233.34,8.53,0.97
2026-07-01 12:30:00,230.41,7.1,0.98
2026-07-01 12:35:00,228.4,4.92,0.95
2026-07-01 12:40:00,233.94,8.3,0.93
2026-07-01 12:45:00,228.34,9.0,0.94
2026-07-01 12:50:00,230.61,7.54,0.94
2026-07-01 12:55:00,225.86,7.59,0.94
2026-07-01 13:00:00,231.03,9.82,0.95
2026-07-01 13:05:00,234.86,5.14,0.96
2026-07-01 13:10:00,233.54,6.95,0.95
2026-07-01 13:15:00,232.85,6.13,0.97
2026-07-01 13:20:00,228.07,6.04,0.95
2026-07-01 13:25:00,230.32,6.02,0.96
2026-07-01 13:30:00,228.17,9.67,0.95
2026-07-01 13:35:00,229.14,7.04,0.92
2026-07-01 13:40:00,225.7,5.2,0.92
2026-07-01 13:45:00,227.22,9.38,0.93
2026-07-01 13:50:00,228.81,4.93,0.97
2026-07-01 13:55:00,230.49,4.98,0.95
2026-07-01 14:00:00,228.29,5.3,0.97
2026-07-01 14:05:00,234.04,4.39,0.93
2026-07-01 14:10:00,227.66,6.87,0.95
2026-07-01 14:15:00,232.01,4.15,0.94
2026-07-01 14:20:00,234.68,7.39,0.95
2026-07-01 14:25:00,227.76,5.72,0.95
2026-07-01 14:30:00,225.63,4.86,0.98
2026-07-01 14:35:00,234.29,9.76,0.93
2026-07-01 14:40:00,231.81,8.86,0.97
2026-07-01 14:45:00,232.9,4.03,0.95
2026-07-01 14:50:00,232.58,4.68,0.97
2026-07-01 14:55:00,225.2,8.63,0.94
2026-07-01 15:00:00,227.95,9.37,0.93
2026-07-01 15:05:00,232.47,6.81,0.97
2026-07-01 15:10:00,231.01,7.71,0.96
2026-07-01 15:15:00,230.71,8.82,0.94
2026-07-01 15:20:00,231.17,7.32,0.94
2026-07-01 15:25:00,230.98,4.9,0.96
2026-07-01 15:30:00,234.08,8.63,0.97
2026-07-01 15:35:00,231.09,5.03,0.93
2026-07-01 15:40:00,234.13,7.57,0.96
2026-07-01 15:45:00,229.73,4.77,0.94
2026-07-01 15:50:00,233.95,6.96,0.96
2026-07-01 15:55:00,226.96,8.67,0.94
2026-07-01 16:00:00,226.39,8.2,0.98
2026-07-01 16:05:00,228.41,5.45,0.94
2026-07-01 16:10:00,226.06,7.74,0.94
2026-07-01 16:15:00,229.12,8.68,0.93
2026-07-01 16:20:00,226.34,8.34,0.97
2026-07-01 16:25:00,232.86,6.5,0.95
2026-07-01 16:30:00,225.5,9.46,0.97
2026-07-01 16:35:00,234.92,5.67,0.96
2026-07-01 16:40:00,228.76,8.13,0.95
2026-07-01 16:45:00,228.85,6.72,0.96
2026-07-01 16:50:00,228.61,5.97,0.93
2026-07-01 16:55:00,232.13,4.61,0.92
2026-07-01 17:00:00,233.0,8.69,0.92
2026-07-01 17:05:00,227.88,9.77,0.97
2026-07-01 17:10:00,230.65,8.96,0.98
2026-07-01 17:15:00,229.59,5.41,0.98
2026-07-01 17:20:00,227.07,5.39,0.92
2026-07-01 17:25:00,233.62,4.61,0.95
2026-07-01 17:30:00,227.29,4.88,0.92
2026-07-01 17:35:00,226.92,7.57,0.95
2026-07-01 17:40:00,229.2,4.54,0.92
2026-07-01 17:45:00,225.32,5.02,0.94
2026-07-01 17:50:00,229.45,7.62,0.97
2026-07-01 17:55:00,234.38,5.94,0.97
2026-07-01 18:00:00,230.97,8.59,0.95
2026-07-01 18:05:00,230.94,5.78,0.95
2026-07-01 18:10:00,229.24,6.12,0.95
2026-07-01 18:15:00,227.3,9.85,0.94
2026-07-01 18:20:00,229.39,9.46,0.94
2026-07-01 18:25:00,227.75,7.79,0.93
2026-07-01 18:30:00,230.01,9.07,0.93
2026-07-01 18:35:00,234.21,9.25,0.92
2026-07-01 18:40:00,226.19,4.14,0.94
2026-07-01 18:45:00,226.82,7.05,0.94
2026-07-01 18:50:00,232.05,9.17,0.97
2026-07-01 18:55:00,227.24,6.45,0.94
2026-07-01 19:00:00,226.5,2.98,0.91
2026-07-01 19:05:00,225.45,5.87,0.94
2026-07-01 19:10:00,230.98,5.25,0.89
2026-07-01 19:15:00,231.37,3.82,0.91
2026-07-01 19:20:00,225.07,4.14,0.9
2026-07-01 19:25:00,234.87,4.17,0.93
2026-07-01 19:30:00,226.22,3.04,0.9
2026-07-01 19:35:00,226.04,5.67,0.93
2026-07-01 19:40:00,227.27,4.28,0.89
2026-07-01 19:45:00,234.74,3.77,0.92
2026-07-01 19:50:00,229.39,2.85,0.93
2026-07-01 19:55:00,234.14,4.19,0.93
2026-07-01 20:00:00,232.3,4.81,0.9
2026-07-01 20:05:00,231.58,5.72,0.89
2026-07-01 20:10:00,227.25,4.37,0.89
2026-07-01 20:15:00,225.75,2.61,0.91
2026-07-01 20:20:00,234.12,3.49,0.91
2026-07-01 20:25:00,229.54,3.47,0.92
2026-07-01 20:30:00,233.04,4.41,0.89
2026-07-01 20:35:00,227.18,3.35,0.93
2026-07-01 20:40:00,229.24,5.94,0.94
2026-07-01 20:45:00,229.24,5.82,0.92
2026-07-01 20:50:00,227.52,3.45,0.93
2026-07-01 20:55:00,228.09,3.88,0.92
2026-07-01 21:00:00,232.21,4.01,0.9
2026-07-01 21:05:00,232.26,5.54,0.93
2026-07-01 21:10:00,227.21,2.71,0.92
2026-07-01 21:15:00,233.02,3.53,0.89
2026-07-01 21:20:00,233.99,4.84,0.93
2026-07-01 21:25:00,233.3,3.7,0.91
2026-07-01 21:30:00,226.91,4.41,0.93
2026-07-01 21:35:00,227.05,5.86,0.9
2026-07-01 21:40:00,232.0,5.37,0.93
2026-07-01 21:45:00,227.47,4.95,0.89
2026-07-01 21:50:00,227.35,3.83,0.92
2026-07-01 21:55:00,226.64,4.45,0.93
2026-07-01 22:00:00,226.97,5.11,0.93
2026-07-01 22:05:00,228.13,5.35,0.88
2026-07-01 22:10:00,225.1,5.62,0.93
2026-07-01 22:15:00,226.76,2.63,0.91
2026-07-01 22:20:00,232.77,5.84,0.91
2026-07-01 22:25:00,227.02,5.2,0.93
2026-07-01 22:30:00,231.43,3.16,0.92
2026-07-01 22:35:00,226.21,2.82,0.89
2026-07-01 22:40:00,227.3,4.54,0.92
2026-07-01 22:45:00,227.78,5.06,0.9
2026-07-01 22:50:00,231.78,4.39,0.89
2026-07-01 22:55:00,227.2,2.78,0.92
2026-07-01 23:00:00,230.89,5.4,0.92
2026-07-01 23:05:00,234.73,4.28,0.93
2026-07-01 23:10:00,229.34,3.91,0.92
2026-07-01 23:15:00,234.5,4.36,0.91
2026-07-01 23:20:00,231.45,3.95,0.91
2026-07-01 23:25:00,228.14,5.52,0.92
2026-07-01 23:30:00,229.85,4.58,0.89
2026-07-01 23:35:00,225.56,2.6,0.92
2026-07-01 23:40:00,234.02,5.92,0.89
2026-07-01 23:45:00,225.59,5.5,0.91
2026-07-01 23:50:00,233.88,3.34,0.89
2026-07-01 23:55:00,232.35,2.83,0.91
2026-07-02 00:00:00,227.34,1.78,0.85
2026-07-02 00:05:00,225.27,0.83,0.82
2026-07-02 00:10:00,233.64,1.64,0.82
2026-07-02 00:15:00,227.32,1.16,0.88
2026-07-02 00:20:00,229.44,0.44,0.81
2026-07-02 00:25:00,232.67,0.6,0.85
2026-07-02 00:30:00,233.24,1.17,0.88
2026-07-02 00:35:00,233.71,0.99,0.83
2026-07-02 00:40:00,225.29,1.41,0.85
2026-07-02 00:45:00,232.31,1.65,0.87
2026-07-02 00:50:00,226.09,1.77,0.85
2026-07-02 00:55:00,231.51,1.39,0.87
2026-07-02 01:00:00,231.03,0.68,0.82
2026-07-02 01:05:00,225.1,0.87,0.8
2026-07-02 01:10:00,225.25,1.01,0.82
2026-07-02 01:15:00,233.64,1.12,0.86
2026-07-02 01:20:00,234.83,1.8,0.86
2026-07-02 01:25:00,228.95,1.69,0.81
2026-07-02 01:30:00,226.18,0.69,0.81
2026-07-02 01:35:00,234.31,0.42,0.87
2026-07-02 01:40:00,226.81,0.78,0.82
2026-07-02 01:45:00,232.74,1.13,0.81
2026-07-02 01:50:00,227.4,0.94,0.86
2026-07-02 01:55:00,229.6,0.79,0.86
2026-07-02 02:00:00,230.5,0.54,0.8
2026-07-02 02:05:00,231.17,1.56,0.88
2026-07-02 02:10:00,230.63,0.73,0.84
2026-07-02 02:15:00,234.45,1.64,0.86
2026-07-02 02:20:00,234.74,1.56,0.85
2026-07-02 02:25:00,229.27,0.7,0.81
2026-07-02 02:30:00,226.27,1.52,0.82
2026-07-02 02:35:00,231.67,0.62,0.81
2026-07-02 02:40:00,232.43,0.42,0.8
2026-07-02 02:45:00,230.06,1.62,0.82
2026-07-02 02:50:00,229.77,1.53,0.85
2026-07-02 02:55:00,230.39,0.53,0.84
2026-07-02 03:00:00,228.57,1.25,0.87
2026-07-02 03:05:00,228.85,1.42,0.86
2026-07-02 03:10:00,226.66,0.87,0.85
2026-07-02 03:15:00,225.06,0.96,0.85
2026-07-02 03:20:00,233.41,1.41,0.84
2026-07-02 03:25:00,233.33,0.42,0.83
2026-07-02 03:30:00,229.99,0.43,0.86
2026-07-02 03:35:00,232.38,0.88,0.86
2026-07-02 03:40:00,230.56,0.93,0.85
2026-07-02 03:45:00,232.76,0.78,0.82
2026-07-02 03:50:00,233.09,1.8,0.84
2026-07-02 03:55:00,234.67,1.27,0.82
2026-07-02 04:00:00,233.5,1.41,0.87
2026-07-02 04:05:00,228.98,0.83,0.83
2026-07-02 04:10:00,234.95,0.86,0.87
2026-07-02 04:15:00,226.67,1.61,0.81
2026-07-02 04:20:00,228.75,1.5,0.87
2026-07-02 04:25:00,227.22,0.63,0.83
2026-07-02 04:30:00,227.83,1.27,0.85
2026-07-02 04:35:00,227.49,1.66,0.83
2026-07-02 04:40:00,233.87,0.55,0.84
2026-07-02 04:45:00,225.69,1.59,0.86
2026-07-02 04:50:00,231.09,1.38,0.86
2026-07-02 04:55:00,231.98,1.23,0.8
2026-07-02 05:00:00,233.74,0.9,0.88
2026-07-02 05:05:00,229.88,1.1,0.81
2026-07-02 05:10:00,227.36,0.78,0.85
2026-07-02 05:15:00,231.63,0.97,0.82
2026-07-02 05:20:00,227.44,1.36,0.82
2026-07-02 05:25:00,229.25,1.57,0.81
2026-07-02 05:30:00,226.91,0.95,0.83
2026-07-02 05:35:00,234.78,0.84,0.82
2026-07-02 05:40:00,227.01,1.24,0.87
2026-07-02 05:45:00,234.97,1.67,0.87
2026-07-02 05:50:00,225.49,1.27,0.82
2026-07-02 05:55:00,234.55,1.74,0.85
2026-07-02 06:00:00,227.16,0.49,0.87
2026-07-02 06:05:00,234.57,1.05,0.84
2026-07-02 06:10:00,226.05,0.87,0.81
2026-07-02 06:15:00,231.01,1.3,0.86
2026-07-02 06:20:00,229.68,1.44,0.84
2026-07-02 06:25:00,234.85,1.45,0.81
2026-07-02 06:30:00,231.28,0.74,0.85
2026-07-02 06:35:00,232.43,1.61,0.87
2026-07-02 06:40:00,234.37,1.25,0.83
2026-07-02 06:45:00,232.52,0.69,0.85
2026-07-02 06:50:00,227.05,1.13,0.8
2026-07-02 06:55:00,234.92,1.55,0.8
2026-07-02 07:00:00,229.04,1.65,0.81
2026-07-02 07:05:00,233.97,1.57,0.85
2026-07-02 07:10:00,230.3,1.49,0.82
2026-07-02 07:15:00,230.41,0.61,0.84
2026-07-02 07:20:00,230.14,1.56,0.8
2026-07-02 07:25:00,231.38,0.49,0.81
2026-07-02 07:30:00,232.06,0.53,0.87
2026-07-02 07:35:00,229.45,1.72,0.85
2026-07-02 07:40:00,229.39,1.15,0.85
2026-07-02 07:45:00,229.91,0.62,0.87
2026-07-02 07:50:00,234.71,0.68,0.85
2026-07-02 07:55:00,225.84,1.43,0.81
2026-07-02 08:00:00,231.31,0.97,0.83
2026-07-02 08:05:00,227.85,0.81,0.88
2026-07-02 08:10:00,229.48,1.18,0.81
2026-07-02 08:15:00,231.39,1.24,0.85
2026-07-02 08:20:00,229.24,1.08,0.81
2026-07-02 08:25:00,227.19,1.16,0.81
2026-07-02 08:30:00,232.37,1.09,0.84
2026-07-02 08:35:00,233.84,1.6,0.85
2026-07-02 08:40:00,233.27,0.84,0.82
2026-07-02 08:45:00,231.13,0.89,0.88
2026-07-02 08:50:00,232.23,0.72,0.87
2026-07-02 08:55:00,232.88,0.99,0.81
2026-07-02 09:00:00,230.43,1.38,0.83
2026-07-02 09:05:00,225.49,0.93,0.83
2026-07-02 09:10:00,232.02,1.03,0.82
2026-07-02 09:15:00,227.99,1.23,0.82
2026-07-02 09:20:00,233.5,1.67,0.85
2026-07-02 09:25:00,228.23,1.78,0.87
2026-07-02 09:30:00,228.59,1.45,0.82
2026-07-02 09:35:00,233.83,0.65,0.81
2026-07-02 09:40:00,225.97,0.86,0.8
2026-07-02 09:45:00,229.17,0.64,0.81
2026-07-02 09:50:00,228.28,1.32,0.88
2026-07-02 09:55:00,232.22,1.06,0.84
2026-07-02 10:00:00,226.13,4.02,0.96
2026-07-02 10:05:00,230.86,4.01,0.94
2026-07-02 10:10:00,226.06,9.45,0.94
2026-07-02 10:15:00,234.97,8.34,0.95
2026-07-02 10:20:00,225.09,6.42,0.97
2026-07-02 10:25:00,234.84,6.13,0.96
2026-07-02 10:30:00,230.37,8.07,0.96
2026-07-02 10:35:00,233.46,7.69,0.93
2026-07-02 10:40:00,231.98,7.56,0.95
2026-07-02 10:45:00,232.09,7.72,0.92
2026-07-02 10:50:00,226.62,7.97,0.97
2026-07-02 10:55:00,232.37,4.75,0.95
2026-07-02 11:00:00,231.91,6.05,0.93
2026-07-02 11:05:00,230.62,5.4,0.93
2026-07-02 11:10:00,225.36,4.98,0.94
2026-07-02 11:15:00,234.15,5.9,0.94
2026-07-02 11:20:00,232.98,7.09,0.92
2026-07-02 11:25:00,233.04,8.31,0.93
2026-07-02 11:30:00,228.48,4.38,0.94
2026-07-02 11:35:00,227.43,6.49,0.96
2026-07-02 11:40:00,232.13,5.74,0.93
2026-07-02 11:45:00,225.49,5.15,0.97
2026-07-02 11:50:00,228.89,8.23,0.94
2026-07-02 11:55:00,228.33,6.53,0.93
2026-07-02 12:00:00,225.12,7.24,0.94
2026-07-02 12:05:00,234.92,7.45,0.97
2026-07-02 12:10:00,234.43,4.43,0.97
2026-07-02 12:15:00,233.38,7.08,0.96
2026-07-02 12:20:00,229.77,8.57,0.93
2026-07-02 12:25:00,231.01,6.45,0.95
2026-07-02 12:30:00,232.94,4.08,0.95
2026-07-02 12:35:00,228.41,6.66,0.94
2026-07-02 12:40:00,229.21,5.22,0.97
2026-07-02 12:45:00,226.76,5.87,0.92
2026-07-02 12:50:00,234.82,5.89,0.93
2026-07-02 12:55:00,233.31,7.56,0.98
2026-07-02 13:00:00,226.33,7.09,0.95
2026-07-02 13:05:00,234.31,4.04,0.93
2026-07-02 13:10:00,226.79,7.69,0.97
2026-07-02 13:15:00,228.84,4.11,0.98
2026-07-02 13:20:00,229.74,9.33,0.95
2026-07-02 13:25:00,228.29,5.61,0.94
2026-07-02 13:30:00,233.9,9.03,0.92
2026-07-02 13:35:00,227.12,4.65,0.95
2026-07-02 13:40:00,225.92,9.95,0.96
2026-07-02 13:45:00,225.71,8.67,0.95
2026-07-02 13:50:00,226.76,9.36,0.95
2026-07-02 13:55:00,227.04,7.33,0.93
2026-07-02 14:00:00,231.8,6.74,0.93
2026-07-02 14:05:00,231.87,5.51,0.94
2026-07-02 14:10:00,225.88,8.56,0.93
2026-07-02 14:15:00,232.76,6.62,0.95
2026-07-02 14:20:00,226.36,8.12,0.95
2026-07-02 14:25:00,228.36,6.44,0.98
2026-07-02 14:30:00,233.61,5.12,0.92
2026-07-02 14:35:00,229.39,9.25,0.92
2026-07-02 14:40:00,226.05,7.7,0.98
2026-07-02 14:45:00,227.65,6.65,0.93
2026-07-02 14:50:00,228.26,9.41,0.97
2026-07-02 14:55:00,231.28,5.26,0.95
2026-07-02 15:00:00,227.7,5.36,0.98
2026-07-02 15:05:00,233.44,8.88,0.93
2026-07-02 15:10:00,231.71,8.9,0.96
2026-07-02 15:15:00,230.13,5.93,0.94
2026-07-02 15:20:00,227.45,4.27,0.93
2026-07-02 15:25:00,226.7,7.73,0.97
2026-07-02 15:30:00,229.79,8.97,0.96
2026-07-02 15:35:00,225.77,8.33,0.93
2026-07-02 15:40:00,227.38,4.51,0.96
2026-07-02 15:45:00,226.65,4.76,0.98
2026-07-02 15:50:00,229.15,4.43,0.93
2026-07-02 15:55:00,230.79,4.03,0.98
2026-07-02 16:00:00,231.94,9.06,0.97
2026-07-02 16:05:00,232.88,5.23,0.95
2026-07-02 16:10:00,230.52,4.51,0.97
2026-07-02 16:15:00,229.6,7.59,0.93
2026-07-02 16:20:00,228.36,4.47,0.92
2026-07-02 16:25:00,233.77,9.28,0.93
2026-07-02 16:30:00,227.5,5.53,0.96
2026-07-02 16:35:00,226.38,5.24,0.93
2026-07-02 16:40:00,225.72,8.65,0.92
2026-07-02 16:45:00,230.78,5.35,0.96
2026-07-02 16:50:00,232.39,7.28,0.98
2026-07-02 16:55:00,234.92,8.29,0.93
2026-07-02 17:00:00,228.66,5.17,0.94
2026-07-02 17:05:00,227.62,5.69,0.98
2026-07-02 17:10:00,225.76,9.38,0.96
2026-07-02 17:15:00,232.03,4.82,0.97
2026-07-02 17:20:00,227.13,5.33,0.96
2026-07-02 17:25:00,225.61,6.0,0.95
2026-07-02 17:30:00,229.2,6.16,0.93
2026-07-02 17:35:00,227.98,5.62,0.93
2026-07-02 17:40:00,230.8,7.85,0.97
2026-07-02 17:45:00,231.04,4.08,0.94
2026-07-02 17:50:00,226.78,8.22,0.93
2026-07-02 17:55:00,229.99,4.2,0.95
2026-07-02 18:00:00,226.43,4.57,0.93
2026-07-02 18:05:00,227.34,7.49,0.96
2026-07-02 18:10:00,225.69,5.84,0.97
2026-07-02 18:15:00,231.46,6.7,0.95
2026-07-02 18:20:00,233.38,5.09,0.96
2026-07-02 18:25:00,228.16,4.56,0.93
2026-07-02 18:30:00,225.83,7.03,0.97
2026-07-02 18:35:00,226.46,5.86,0.93
2026-07-02 18:40:00,228.3,8.98,0.96
2026-07-02 18:45:00,225.27,7.06,0.98
2026-07-02 18:50:00,233.02,8.74,0.93
2026-07-02 18:55:00,227.78,9.97,0.94
2026-07-02 19:00:00,226.14,3.11,0.89
2026-07-02 19:05:00,225.05,3.92,0.92
2026-07-02 19:10:00,229.49,4.31,0.89
2026-07-02 19:15:00,231.4,4.9,0.94
2026-07-02 19:20:00,233.98,2.65,0.92
2026-07-02 19:25:00,230.0,3.09,0.94
2026-07-02 19:30:00,233.04,3.03,0.94
2026-07-02 19:35:00,226.86,5.87,0.88
2026-07-02 19:40:00,228.38,3.86,0.9
2026-07-02 19:45:00,229.82,3.44,0.9
2026-07-02 19:50:00,230.15,3.53,0.9
2026-07-02 19:55:00,225.68,5.67,0.9
2026-07-02 20:00:00,232.99,5.7,0.91
2026-07-02 20:05:00,234.47,5.1,0.89
2026-07-02 20:10:00,227.08,2.81,0.91
2026-07-02 20:15:00,234.4,3.69,0.91
2026-07-02 20:20:00,228.09,5.5,0.9
2026-07-02 20:25:00,228.42,5.54,0.94
2026-07-02 20:30:00,227.7,2.88,0.89
2026-07-02 20:35:00,231.17,5.0,0.89
2026-07-02 20:40:00,234.63,3.58,0.93
2026-07-02 20:45:00,230.53,3.44,0.89
2026-07-02 20:50:00,233.38,4.17,0.91
2026-07-02 20:55:00,234.96,5.88,0.9
2026-07-02 21:00:00,228.87,5.44,0.89
2026-07-02 21:05:00,229.63,2.69,0.9
2026-07-02 21:10:00,226.45,3.17,0.94
2026-07-02 21:15:00,234.88,5.2,0.88
2026-07-02 21:20:00,225.85,3.29,0.91
2026-07-02 21:25:00,232.92,3.24,0.9
2026-07-02 21:30:00,230.83,4.43,0.91
2026-07-02 21:35:00,228.67,3.27,0.9
2026-07-02 21:40:00,233.18,3.65,0.92
2026-07-02 21:45:00,230.89,3.22,0.94
2026-07-02 21:50:00,231.5,3.96,0.88
2026-07-02 21:55:00,229.91,3.87,0.92
2026-07-02 22:00:00,233.92,2.9,0.93
2026-07-02 22:05:00,228.21,3.88,0.89
2026-07-02 22:10:00,226.14,4.78,0.91
2026-07-02 22:15:00,231.19,4.01,0.89
2026-07-02 22:20:00,229.79,5.36,0.89
2026-07-02 22:25:00,227.97,4.74,0.93
2026-07-02 22:30:00,228.86,3.86,0.94
2026-07-02 22:35:00,231.36,5.63,0.9
2026-07-02 22:40:00,234.08,3.59,0.93
2026-07-02 22:45:00,225.49,5.73,0.89
2026-07-02 22:50:00,234.74,4.02,0.92
2026-07-02 22:55:00,225.76,3.84,0.94
2026-07-02 23:00:00,230.36,5.4,0.91
2026-07-02 23:05:00,228.17,4.89,0.89
2026-07-02 23:10:00,233.36,5.85,0.91
2026-07-02 23:15:00,232.39,4.65,0.89
2026-07-02 23:20:00,228.05,3.87,0.93
2026-07-02 23:25:00,226.16,5.68,0.88
2026-07-02 23:30:00,225.51,5.7,0.92
2026-07-02 23:35:00,227.95,4.2,0.91
2026-07-02 23:40:00,231.87,4.2,0.93
2026-07-02 23:45:00,228.46,4.92,0.91
2026-07-02 23:50:00,231.41,4.9,0.89
2026-07-02 23:55:00,233.91,3.38,0.93
2026-07-03 00:00:00,227.25,1.17,0.84
2026-07-03 00:05:00,228.9,1.18,0.87
2026-07-03 00:10:00,230.45,0.83,0.82
2026-07-03 00:15:00,227.59,0.56,0.84
2026-07-03 00:20:00,225.43,0.88,0.81
2026-07-03 00:25:00,228.6,1.27,0.82
2026-07-03 00:30:00,231.78,1.01,0.83
2026-07-03 00:35:00,229.03,1.0,0.83
2026-07-03 00:40:00,232.02,1.4,0.83
2026-07-03 00:45:00,232.39,1.18,0.83
2026-07-03 00:50:00,232.54,1.13,0.82
2026-07-03 00:55:00,232.82,1.04,0.86
2026-07-03 01:00:00,234.8,0.95,0.82
2026-07-03 01:05:00,234.59,1.63,0.84
2026-07-03 01:10:00,227.31,0.84,0.82
2026-07-03 01:15:00,230.68,1.64,0.86
2026-07-03 01:20:00,229.07,1.42,0.85
2026-07-03 01:25:00,227.74,1.67,0.83
2026-07-03 01:30:00,233.6,1.37,0.82
2026-07-03 01:35:00,227.55,1.28,0.85
2026-07-03 01:40:00,232.49,1.58,0.81
2026-07-03 01:45:00,230.53,1.4,0.81
2026-07-03 01:50:00,234.28,0.5,0.85
2026-07-03 01:55:00,228.83,0.47,0.85
2026-07-03 02:00:00,233.65,0.96,0.81
2026-07-03 02:05:00,226.72,0.45,0.8
2026-07-03 02:10:00,228.65,1.54,0.88
2026-07-03 02:15:00,231.53,0.44,0.84
2026-07-03 02:20:00,234.58,0.83,0.85
2026-07-03 02:25:00,233.88,0.48,0.83
2026-07-03 02:30:00,232.39,1.65,0.83
2026-07-03 02:35:00,225.18,1.13,0.81
2026-07-03 02:40:00,226.17,1.78,0.82
2026-07-03 02:45:00,228.15,1.02,0.8
2026-07-03 02:50:00,230.98,0.53,0.84
2026-07-03 02:55:00,226.32,0.78,0.86
2026-07-03 03:00:00,232.83,1.46,0.81
2026-07-03 03:05:00,231.42,0.77,0.83
2026-07-03 03:10:00,229.13,1.62,0.84
2026-07-03 03:15:00,226.77,1.28,0.83
2026-07-03 03:20:00,226.79,1.14,0.83
2026-07-03 03:25:00,234.79,0.44,0.83
2026-07-03 03:30:00,229.54,0.54,0.82
2026-07-03 03:35:00,231.04,1.65,0.81
2026-07-03 03:40:00,228.93,1.67,0.87
2026-07-03 03:45:00,227.69,1.21,0.83
2026-07-03 03:50:00,226.47,1.38,0.88
2026-07-03 03:55:00,228.74,0.52,0.86
2026-07-03 04:00:00,226.19,0.79,0.85
2026-07-03 04:05:00,231.69,1.46,0.88
2026-07-03 04:10:00,227.36,0.82,0.83
2026-07-03 04:15:00,229.21,1.59,0.83
2026-07-03 04:20:00,227.43,1.07,0.87
2026-07-03 04:25:00,229.7,0.88,0.83
2026-07-03 04:30:00,226.29,1.42,0.84
2026-07-03 04:35:00,226.57,0.78,0.82
2026-07-03 04:40:00,229.02,0.83,0.85
2026-07-03 04:45:00,225.53,1.54,0.82
2026-07-03 04:50:00,227.44,1.17,0.84
2026-07-03 04:55:00,225.78,1.37,0.87
2026-07-03 05:00:00,228.37,0.51,0.8
2026-07-03 05:05:00,225.16,1.14,0.83
2026-07-03 05:10:00,228.57,1.61,0.82
2026-07-03 05:15:00,226.24,1.57,0.86
2026-07-03 05:20:00,226.23,1.26,0.88
2026-07-03 05:25:00,230.64,0.67,0.87
2026-07-03 05:30:00,232.85,0.93,0.83
2026-07-03 05:35:00,234.2,1.25,0.81
2026-07-03 05:40:00,229.71,1.63,0.82
2026-07-03 05:45:00,228.07,1.32,0.83
2026-07-03 05:50:00,229.3,0.89,0.81
2026-07-03 05:55:00,228.29,0.64,0.81
2026-07-03 06:00:00,228.01,1.68,0.81
2026-07-03 06:05:00,234.89,0.41,0.84
2026-07-03 06:10:00,232.36,1.33,0.81
2026-07-03 06:15:00,226.78,0.6,0.86
2026-07-03 06:20:00,230.8,0.61,0.82
2026-07-03 06:25:00,234.33,1.79,0.83
2026-07-03 06:30:00,227.3,1.09,0.81
2026-07-03 06:35:00,227.1,0.49,0.87
2026-07-03 06:40:00,233.91,1.6,0.82
2026-07-03 06:45:00,233.3,1.19,0.81
2026-07-03 06:50:00,232.73,1.01,0.8
2026-07-03 06:55:00,234.93,1.31,0.82
2026-07-03 07:00:00,228.1,1.53,0.81
2026-07-03 07:05:00,230.01,1.1,0.84
2026-07-03 07:10:00,233.81,1.41,0.87
2026-07-03 07:15:00,230.03,0.54,0.83
2026-07-03 07:20:00,226.32,0.69,0.81
2026-07-03 07:25:00,229.16,1.45,0.81
2026-07-03 07:30:00,228.65,1.55,0.84
2026-07-03 07:35:00,231.19,1.68,0.81
2026-07-03 07:40:00,230.61,1.32,0.86
2026-07-03 07:45:00,228.0,1.69,0.86
2026-07-03 07:50:00,229.9,1.42,0.85
2026-07-03 07:55:00,233.11,0.98,0.82
2026-07-03 08:00:00,234.98,1.13,0.86
2026-07-03 08:05:00,233.48,0.82,0.87
2026-07-03 08:10:00,225.23,0.78,0.88
2026-07-03 08:15:00,227.45,1.65,0.82
2026-07-03 08:20:00,233.69,1.41,0.83
2026-07-03 08:25:00,230.09,1.73,0.83
2026-07-03 08:30:00,227.63,0.49,0.87
2026-07-03 08:35:00,228.83,1.72,0.87
2026-07-03 08:40:00,229.13,1.11,0.88
2026-07-03 08:45:00,226.91,0.9,0.84
2026-07-03 08:50:00,228.7,0.47,0.81
2026-07-03 08:55:00,227.81,1.07,0.85
2026-07-03 09:00:00,233.71,1.26,0.87
2026-07-03 09:05:00,230.05,0.93,0.8
2026-07-03 09:10:00,227.62,1.8,0.82
2026-07-03 09:15:00,229.29,1.64,0.84
2026-07-03 09:20:00,233.86,1.4,0.88
2026-07-03 09:25:00,230.57,0.55,0.87
2026-07-03 09:30:00,234.88,0.61,0.85
2026-07-03 09:35:00,231.52,0.78,0.81
2026-07-03 09:40:00,233.92,1.46,0.83
2026-07-03 09:45:00,231.3,0.5,0.83
2026-07-03 09:50:00,232.11,1.4,0.86
2026-07-03 09:55:00,228.52,0.71,0.84
2026-07-03 10:00:00,226.84,7.03,0.98
2026-07-03 10:05:00,233.07,5.44,0.97
2026-07-03 10:10:00,228.31,4.74,0.95
2026-07-03 10:15:00,225.52,6.62,0.94
2026-07-03 10:20:00,225.73,9.87,0.95
2026-07-03 10:25:00,226.28,6.56,0.92
2026-07-03 10:30:00,227.0,9.9,0.93
2026-07-03 10:35:00,232.38,8.64,0.96
2026-07-03 10:40:00,227.52,7.27,0.92
2026-07-03 10:45:00,232.87,4.9,0.96
2026-07-03 10:50:00,233.26,7.22,0.95
2026-07-03 10:55:00,230.63,6.92,0.92
2026-07-03 11:00:00,234.91,5.19,0.97
2026-07-03 11:05:00,227.07,7.03,0.96
2026-07-03 11:10:00,230.62,5.03,0.93
2026-07-03 11:15:00,225.85,7.27,0.94
2026-07-03 11:20:00,230.86,8.94,0.95
2026-07-03 11:25:00,229.32,8.62,0.95
2026-07-03 11:30:00,233.3,7.41,0.92
2026-07-03 11:35:00,228.02,8.65,0.94
2026-07-03 11:40:00,234.21,7.17,0.97
2026-07-03 11:45:00,228.24,7.39,0.96
2026-07-03 11:50:00,234.1,7.64,0.97
2026-07-03 11:55:00,225.16,6.48,0.92
2026-07-03 12:00:00,234.65,8.68,0.97
2026-07-03 12:05:00,230.45,6.73,0.95
2026-07-03 12:10:00,230.75,4.76,0.95
2026-07-03 12:15:00,226.95,4.91,0.97
2026-07-03 12:20:00,229.38,6.57,0.95
2026-07-03 12:25:00,229.97,6.8,0.93
2026-07-03 12:30:00,233.12,5.74,0.97
2026-07-03 12:35:00,229.34,8.21,0.95
2026-07-03 12:40:00,225.45,9.72,0.96
2026-07-03 12:45:00,234.5,6.58,0.93
2026-07-03 12:50:00,229.94,4.0,0.93
2026-07-03 12:55:00,229.75,5.15,0.96
2026-07-03 13:00:00,227.38,4.07,0.94
2026-07-03 13:05:00,230.77,9.66,0.93
2026-07-03 13:10:00,229.04,7.79,0.94
2026-07-03 13:15:00,225.22,5.4,0.97
2026-07-03 13:20:00,227.57,9.69,0.98
2026-07-03 13:25:00,229.98,4.69,0.94
2026-07-03 13:30:00,226.47,7.16,0.92
2026-07-03 13:35:00,227.6,5.37,0.93
2026-07-03 13:40:00,231.44,5.45,0.95
2026-07-03 13:45:00,232.89,5.46,0.92
2026-07-03 13:50:00,234.37,6.99,0.96
2026-07-03 13:55:00,230.92,6.19,0.95
2026-07-03 14:00:00,233.27,9.88,0.96
2026-07-03 14:05:00,230.93,9.55,0.97
2026-07-03 14:10:00,231.49,5.56,0.95
2026-07-03 14:15:00,227.69,8.3,0.97
2026-07-03 14:20:00,233.71,5.99,0.98
2026-07-03 14:25:00,227.68,8.65,0.95
2026-07-03 14:30:00,230.63,9.7,0.96
2026-07-03 14:35:00,234.71,4.99,0.95
2026-07-03 14:40:00,231.47,7.31,0.94
2026-07-03 14:45:00,231.54,4.34,0.96
2026-07-03 14:50:00,228.68,8.63,0.95
2026-07-03 14:55:00,230.32,4.99,0.94
2026-07-03 15:00:00,231.2,7.75,0.97
2026-07-03 15:05:00,225.32,6.48,0.95
2026-07-03 15:10:00,234.35,4.12,0.97
2026-07-03 15:15:00,229.53,9.76,0.94
2026-07-03 15:20:00,231.43,4.86,0.94
2026-07-03 15:25:00,231.55,6.03,0.98
2026-07-03 15:30:00,234.37,4.24,0.96
2026-07-03 15:35:00,228.01,4.13,0.93
2026-07-03 15:40:00,229.88,4.91,0.97
2026-07-03 15:45:00,228.47,8.41,0.95
2026-07-03 15:50:00,232.27,5.74,0.95
2026-07-03 15:55:00,234.87,7.74,0.94
2026-07-03 16:00:00,232.29,8.6,0.96
2026-07-03 16:05:00,225.8,8.86,0.95
2026-07-03 16:10:00,230.63,8.43,0.94
2026-07-03 16:15:00,230.82,9.43,0.95
2026-07-03 16:20:00,233.39,8.57,0.97
2026-07-03 16:25:00,227.87,8.01,0.98
2026-07-03 16:30:00,225.07,7.68,0.96
2026-07-03 16:35:00,225.18,8.15,0.94
2026-07-03 16:40:00,233.05,7.28,0.95
2026-07-03 16:45:00,231.78,5.49,0.95
2026-07-03 16:50:00,227.62,6.02,0.92
2026-07-03 16:55:00,225.1,5.04,0.92
2026-07-03 17:00:00,233.96,7.15,0.93
2026-07-03 17:05:00,234.23,7.56,0.97
2026-07-03 17:10:00,233.31,4.75,0.92
2026-07-03 17:15:00,226.68,4.77,0.95
2026-07-03 17:20:00,229.9,7.92,0.94
2026-07-03 17:25:00,230.04,7.99,0.96
2026-07-03 17:30:00,233.07,4.82,0.96
2026-07-03 17:35:00,234.68,9.9,0.96
2026-07-03 17:40:00,225.61,9.42,0.94
2026-07-03 17:45:00,229.75,7.43,0.95
2026-07-03 17:50:00,230.19,5.64,0.97
2026-07-03 17:55:00,227.2,6.82,0.97
2026-07-03 18:00:00,229.04,6.06,0.94
2026-07-03 18:05:00,225.16,9.5,0.93
2026-07-03 18:10:00,230.58,7.25,0.92
2026-07-03 18:15:00,228.62,5.32,0.96
2026-07-03 18:20:00,232.36,9.82,0.98
2026-07-03 18:25:00,228.42,7.16,0.94
2026-07-03 18:30:00,230.95,9.43,0.94
2026-07-03 18:35:00,225.32,6.09,0.93
2026-07-03 18:40:00,233.24,4.01,0.94
2026-07-03 18:45:00,229.92,8.59,0.96
2026-07-03 18:50:00,232.14,9.29,0.95
2026-07-03 18:55:00,228.54,7.15,0.97
2026-07-03 19:00:00,229.01,5.55,0.91
2026-07-03 19:05:00,231.34,5.71,0.91
2026-07-03 19:10:00,228.97,3.97,0.9
2026-07-03 19:15:00,231.31,4.05,0.93
2026-07-03 19:20:00,225.06,4.64,0.9
2026-07-03 19:25:00,229.83,4.32,0.94
2026-07-03 19:30:00,233.8,5.97,0.89
2026-07-03 19:35:00,227.33,4.57,0.89
2026-07-03 19:40:00,233.49,4.79,0.92
2026-07-03 19:45:00,233.4,4.56,0.94
2026-07-03 19:50:00,227.49,4.7,0.89
2026-07-03 19:55:00,227.88,3.91,0.88
2026-07-03 20:00:00,230.73,3.88,0.89
2026-07-03 20:05:00,227.85,2.92,0.89
2026-07-03 20:10:00,226.91,3.54,0.9
2026-07-03 20:15:00,229.98,2.97,0.9
2026-07-03 20:20:00,228.17,4.0,0.9
2026-07-03 20:25:00,232.92,5.32,0.92
2026-07-03 20:30:00,229.13,2.74,0.9
2026-07-03 20:35:00,232.73,5.4,0.92
2026-07-03 20:40:00,228.34,5.1,0.89
2026-07-03 20:45:00,233.98,3.24,0.91
2026-07-03 20:50:00,234.49,4.25,0.91
2026-07-03 20:55:00,227.33,5.73,0.92
2026-07-03 21:00:00,225.17,4.16,0.94
2026-07-03 21:05:00,232.78,3.82,0.89
2026-07-03 21:10:00,230.25,5.28,0.91
2026-07-03 21:15:00,228.45,5.92,0.9
2026-07-03 21:20:00,233.57,3.3,0.94
2026-07-03 21:25:00,230.06,5.73,0.9
2026-07-03 21:30:00,234.23,3.87,0.9
2026-07-03 21:35:00,226.51,5.2,0.89
2026-07-03 21:40:00,230.17,4.16,0.92
2026-07-03 21:45:00,231.12,4.84,0.91
2026-07-03 21:50:00,229.54,5.78,0.92
2026-07-03 21:55:00,228.56,2.88,0.89
2026-07-03 22:00:00,226.01,5.53,0.93
2026-07-03 22:05:00,227.66,3.94,0.92
2026-07-03 22:10:00,227.0,3.42,0.89
2026-07-03 22:15:00,230.17,5.13,0.92
2026-07-03 22:20:00,227.88,5.23,0.9
2026-07-03 22:25:00,231.43,5.72,0.9
2026-07-03 22:30:00,233.3,2.82,0.88
2026-07-03 22:35:00,227.93,2.97,0.88
2026-07-03 22:40:00,231.73,5.65,0.93
2026-07-03 22:45:00,225.28,5.91,0.93
2026-07-03 22:50:00,228.73,5.13,0.89
2026-07-03 22:55:00,230.0,5.14,0.9
2026-07-03 23:00:00,227.97,3.81,0.94
2026-07-03 23:05:00,225.71,5.77,0.88
2026-07-03 23:10:00,225.97,5.24,0.88
2026-07-03 23:15:00,232.95,3.29,0.93
2026-07-03 23:20:00,234.51,3.59,0.91
2026-07-03 23:25:00,229.29,5.6,0.89
2026-07-03 23:30:00,233.92,3.76,0.94
2026-07-03 23:35:00,230.89,5.62,0.89
2026-07-03 23:40:00,233.82,4.08,0.9
2026-07-03 23:45:00,231.89,3.96,0.92
2026-07-03 23:50:00,225.32,5.05,0.89
2026-07-03 23:55:00,227.05,4.42,0.91
2026-07-04 00:00:00,226.81,1.04,0.8
2026-07-04 00:05:00,232.48,1.29,0.83
2026-07-04 00:10:00,227.41,0.91,0.86
2026-07-04 00:15:00,227.17,0.47,0.83
2026-07-04 00:20:00,225.01,1.06,0.84
2026-07-04 00:25:00,229.04,1.31,0.87
2026-07-04 00:30:00,232.82,0.89,0.85
2026-07-04 00:35:00,232.35,1.01,0.83
2026-07-04 00:40:00,228.07,0.81,0.83
2026-07-04 00:45:00,226.61,1.34,0.83
2026-07-04 00:50:00,229.38,0.69,0.83
2026-07-04 00:55:00,227.04,0.85,0.86
2026-07-04 01:00:00,230.28,0.96,0.82
2026-07-04 01:05:00,225.63,0.4,0.84
2026-07-04 01:10:00,230.05,1.14,0.82
2026-07-04 01:15:00,225.28,0.46,0.87
2026-07-04 01:20:00,229.06,1.78,0.88
2026-07-04 01:25:00,225.99,1.4,0.8
2026-07-04 01:30:00,228.35,0.67,0.87
2026-07-04 01:35:00,231.16,1.35,0.87
2026-07-04 01:40:00,226.5,1.34,0.81
2026-07-04 01:45:00,229.09,1.48,0.85
2026-07-04 01:50:00,225.59,0.87,0.82
2026-07-04 01:55:00,232.63,1.33,0.82
2026-07-04 02:00:00,231.75,1.58,0.87
2026-07-04 02:05:00,232.1,1.72,0.81
2026-07-04 02:10:00,233.99,1.34,0.85
2026-07-04 02:15:00,227.29,0.54,0.84
2026-07-04 02:20:00,225.41,0.78,0.81
2026-07-04 02:25:00,231.58,1.46,0.86
2026-07-04 02:30:00,232.53,0.91,0.83
2026-07-04 02:35:00,234.88,0.4,0.87
2026-07-04 02:40:00,225.53,0.51,0.85
2026-07-04 02:45:00,234.64,0.46,0.87
2026-07-04 02:50:00,229.6,1.24,0.82
2026-07-04 02:55:00,228.84,1.8,0.87
2026-07-04 03:00:00,232.37,1.38,0.85
2026-07-04 03:05:00,226.88,1.07,0.85
2026-07-04 03:10:00,228.21,0.52,0.85
2026-07-04 03:15:00,233.19,0.78,0.84
2026-07-04 03:20:00,230.91,0.55,0.85
2026-07-04 03:25:00,228.42,1.49,0.84
2026-07-04 03:30:00,228.91,1.13,0.86
2026-07-04 03:35:00,232.5,0.52,0.82
2026-07-04 03:40:00,230.58,1.54,0.84
2026-07-04 03:45:00,226.45,1.69,0.85
2026-07-04 03:50:00,233.32,0.96,0.81
2026-07-04 03:55:00,232.67,1.58,0.82
2026-07-04 04:00:00,228.0,0.89,0.82
2026-07-04 04:05:00,232.93,1.03,0.83
2026-07-04 04:10:00,232.88,1.09,0.81
2026-07-04 04:15:00,232.16,0.65,0.83
2026-07-04 04:20:00,225.69,1.67,0.85
2026-07-04 04:25:00,227.38,1.08,0.87
2026-07-04 04:30:00,230.24,0.43,0.84
2026-07-04 04:35:00,233.8,1.01,0.83
2026-07-04 04:40:00,225.25,1.62,0.87
2026-07-04 04:45:00,233.34,1.17,0.8
2026-07-04 04:50:00,230.15,1.25,0.86
2026-07-04 04:55:00,226.83,1.0,0.86
2026-07-04 05:00:00,229.81,0.72,0.8
2026-07-04 05:05:00,225.57,1.24,0.8
2026-07-04 05:10:00,225.91,0.72,0.85
2026-07-04 05:15:00,229.46,0.46,0.85
2026-07-04 05:20:00,232.3,0.98,0.85
2026-07-04 05:25:00,234.18,1.15,0.81
2026-07-04 05:30:00,228.75,0.73,0.8
2026-07-04 05:35:00,227.17,1.02,0.87
2026-07-04 05:40:00,225.95,1.65,0.83
2026-07-04 05:45:00,229.45,0.62,0.81
2026-07-04 05:50:00,231.24,0.59,0.85
2026-07-04 05:55:00,232.06,0.44,0.84
2026-07-04 06:00:00,227.28,0.89,0.86
2026-07-04 06:05:00,228.61,1.12,0.83
2026-07-04 06:10:00,228.45,0.77,0.87
2026-07-04 06:15:00,230.11,0.73,0.85
2026-07-04 06:20:00,230.85,1.8,0.87
2026-07-04 06:25:00,226.06,0.84,0.81
2026-07-04 06:30:00,228.32,0.76,0.85
2026-07-04 06:35:00,225.78,1.52,0.83
2026-07-04 06:40:00,226.57,1.58,0.86
2026-07-04 06:45:00,231.48,0.64,0.83
2026-07-04 06:50:00,229.64,1.56,0.81
2026-07-04 06:55:00,231.89,1.67,0.81
2026-07-04 07:00:00,225.08,1.19,0.87
2026-07-04 07:05:00,231.33,0.55,0.86
2026-07-04 07:10:00,226.22,0.68,0.85
2026-07-04 07:15:00,229.41,0.9,0.85
2026-07-04 07:20:00,231.11,0.74,0.87
2026-07-04 07:25:00,233.87,0.53,0.82
2026-07-04 07:30:00,233.17,1.76,0.86
2026-07-04 07:35:00,229.71,1.11,0.87
2026-07-04 07:40:00,233.28,0.87,0.85
2026-07-04 07:45:00,232.7,1.43,0.81
2026-07-04 07:50:00,227.13,0.87,0.87
2026-07-04 07:55:00,227.83,0.68,0.84
2026-07-04 08:00:00,227.7,0.84,0.88
2026-07-04 08:05:00,234.01,0.8,0.84
2026-07-04 08:10:00,231.88,0.65,0.85
2026-07-04 08:15:00,230.46,0.92,0.87
2026-07-04 08:20:00,225.2,1.09,0.82
2026-07-04 08:25:00,229.75,1.78,0.81
2026-07-04 08:30:00,227.12,0.89,0.83
2026-07-04 08:35:00,228.62,1.64,0.85
2026-07-04 08:40:00,233.88,1.1,0.87
2026-07-04 08:45:00,232.59,1.76,0.81
2026-07-04 08:50:00,234.07,1.65,0.82
2026-07-04 08:55:00,227.24,1.45,0.86
2026-07-04 09:00:00,229.36,1.76,0.85
2026-07-04 09:05:00,226.63,0.94,0.83
2026-07-04 09:10:00,226.66,0.4,0.85
2026-07-04 09:15:00,227.47,1.35,0.86
2026-07-04 09:20:00,231.11,0.86,0.85
2026-07-04 09:25:00,228.4,1.42,0.81
2026-07-04 09:30:00,226.2,1.01,0.8
2026-07-04 09:35:00,229.78,1.32,0.83
2026-07-04 09:40:00,226.49,0.69,0.83
2026-07-04 09:45:00,229.24,1.51,0.81
2026-07-04 09:50:00,234.09,0.7,0.85
2026-07-04 09:55:00,229.58,0.42,0.83
2026-07-04 10:00:00,229.8,5.58,0.93
2026-07-04 10:05:00,227.34,9.97,0.97
2026-07-04 10:10:00,227.79,6.48,0.93
2026-07-04 10:15:00,234.22,9.23,0.96
2026-07-04 10:20:00,233.19,5.35,0.96
2026-07-04 10:25:00,226.83,9.21,0.94
2026-07-04 10:30:00,232.29,7.29,0.96
2026-07-04 10:35:00,232.08,6.98,0.93
2026-07-04 10:40:00,229.32,4.9,0.98
2026-07-04 10:45:00,231.29,9.91,0.96
2026-07-04 10:50:00,233.65,9.61,0.92
2026-07-04 10:55:00,228.95,8.4,0.92
2026-07-04 11:00:00,232.82,9.4,0.92
2026-07-04 11:05:00,227.71,6.97,0.95
2026-07-04 11:10:00,231.63,4.54,0.94
2026-07-04 11:15:00,232.34,4.04,0.95
2026-07-04 11:20:00,231.86,6.16,0.93
2026-07-04 11:25:00,234.87,5.23,0.98
2026-07-04 11:30:00,229.88,5.92,0.92
2026-07-04 11:35:00,231.71,7.74,0.93
2026-07-04 11:40:00,233.5,5.79,0.97
2026-07-04 11:45:00,232.34,9.67,0.98
2026-07-04 11:50:00,226.26,4.43,0.94
2026-07-04 11:55:00,232.19,7.38,0.94
2026-07-04 12:00:00,227.76,7.78,0.92
2026-07-04 12:05:00,232.95,6.14,0.92
2026-07-04 12:10:00,233.12,4.39,0.94
2026-07-04 12:15:00,230.93,9.9,0.93
2026-07-04 12:20:00,225.75,7.07,0.96
2026-07-04 12:25:00,232.87,4.26,0.94
2026-07-04 12:30:00,231.78,7.97,0.94
2026-07-04 12:35:00,234.02,5.29,0.96
2026-07-04 12:40:00,229.02,5.43,0.93
2026-07-04 12:45:00,225.46,5.08,0.92
2026-07-04 12:50:00,226.6,4.04,0.97
2026-07-04 12:55:00,233.87,7.93,0.93
2026-07-04 13:00:00,227.66,6.21,0.94
2026-07-04 13:05:00,228.85,5.51,0.96
2026-07-04 13:10:00,232.41,4.49,0.94
2026-07-04 13:15:00,231.09,7.0,0.96
2026-07-04 13:20:00,228.34,6.3,0.96
2026-07-04 13:25:00,228.29,7.9,0.94
2026-07-04 13:30:00,226.49,5.84,0.96
2026-07-04 13:35:00,231.9,8.73,0.97
2026-07-04 13:40:00,229.09,9.6,0.98
2026-07-04 13:45:00,233.09,4.96,0.95
2026-07-04 13:50:00,230.84,8.1,0.95
2026-07-04 13:55:00,227.44,4.47,0.96
2026-07-04 14:00:00,232.15,8.75,0.95
2026-07-04 14:05:00,233.9,9.6,0.95
2026-07-04 14:10:00,228.88,4.36,0.95
2026-07-04 14:15:00,227.26,4.13,0.95
2026-07-04 14:20:00,225.66,4.9,0.92
2026-07-04 14:25:00,225.78,4.61,0.97
2026-07-04 14:30:00,230.93,7.63,0.97
2026-07-04 14:35:00,227.94,4.1,0.94
2026-07-04 14:40:00,228.31,9.68,0.94
2026-07-04 14:45:00,233.18,5.14,0.94
2026-07-04 14:50:00,230.6,8.07,0.96
2026-07-04 14:55:00,230.73,6.67,0.97
2026-07-04 15:00:00,228.34,5.45,0.97
2026-07-04 15:05:00,233.47,7.37,0.98
2026-07-04 15:10:00,234.77,4.29,0.97
2026-07-04 15:15:00,229.6,8.58,0.93
2026-07-04 15:20:00,230.56,4.92,0.92
2026-07-04 15:25:00,234.68,4.96,0.95
2026-07-04 15:30:00,229.79,4.91,0.96
2026-07-04 15:35:00,233.58,6.95,0.98
2026-07-04 15:40:00,230.06,7.0,0.94
2026-07-04 15:45:00,225.84,5.67,0.92
2026-07-04 15:50:00,226.54,4.51,0.95
2026-07-04 15:55:00,225.89,8.43,0.95
2026-07-04 16:00:00,229.04,4.4,0.95
2026-07-04 16:05:00,228.62,4.57,0.97
2026-07-04 16:10:00,232.73,6.94,0.97
2026-07-04 16:15:00,226.11,7.12,0.95
2026-07-04 16:20:00,228.12,5.04,0.96
2026-07-04 16:25:00,234.07,7.33,0.92
2026-07-04 16:30:00,229.5,7.41,0.96
2026-07-04 16:35:00,232.06,5.83,0.94
2026-07-04 16:40:00,225.47,7.95,0.96
2026-07-04 16:45:00,233.9,6.22,0.97
2026-07-04 16:50:00,234.31,7.35,0.94
2026-07-04 16:55:00,232.53,7.83,0.93
2026-07-04 17:00:00,233.11,5.77,0.93
2026-07-04 17:05:00,227.98,9.87,0.94
2026-07-04 17:10:00,230.42,8.19,0.97
2026-07-04 17:15:00,232.46,7.83,0.96
2026-07-04 17:20:00,230.58,5.8,0.93
2026-07-04 17:25:00,232.51,7.06,0.96
2026-07-04 17:30:00,225.52,9.02,0.95
2026-07-04 17:35:00,230.02,8.29,0.93
2026-07-04 17:40:00,228.02,6.0,0.97
2026-07-04 17:45:00,231.04,9.18,0.96
2026-07-04 17:50:00,227.97,4.73,0.93
2026-07-04 17:55:00,229.5,9.35,0.95
2026-07-04 18:00:00,231.45,7.83,0.95
2026-07-04 18:05:00,230.44,9.02,0.93
2026-07-04 18:10:00,230.24,7.6,0.97
2026-07-04 18:15:00,226.96,6.89,0.97
2026-07-04 18:20:00,234.96,7.22,0.98
2026-07-04 18:25:00,234.95,8.95,0.96
2026-07-04 18:30:00,233.63,8.4,0.97
2026-07-04 18:35:00,234.03,5.54,0.95
2026-07-04 18:40:00,225.44,6.04,0.97
2026-07-04 18:45:00,232.73,9.17,0.97
2026-07-04 18:50:00,231.32,5.85,0.92
2026-07-04 18:55:00,225.03,5.51,0.95
2026-07-04 19:00:00,225.21,4.29,0.93
2026-07-04 19:05:00,227.38,3.32,0.92
2026-07-04 19:10:00,234.47,3.85,0.88
2026-07-04 19:15:00,234.28,4.69,0.89
2026-07-04 19:20:00,225.75,5.44,0.94
2026-07-04 19:25:00,229.94,2.81,0.92
2026-07-04 19:30:00,234.73,3.6,0.9
2026-07-04 19:35:00,233.37,2.81,0.88
2026-07-04 19:40:00,228.02,5.61,0.88
2026-07-04 19:45:00,230.54,5.77,0.89
2026-07-04 19:50:00,228.42,3.68,0.92
2026-07-04 19:55:00,231.46,4.51,0.9
2026-07-04 20:00:00,234.47,2.55,0.91
2026-07-04 20:05:00,228.21,4.18,0.94
2026-07-04 20:10:00,228.86,5.42,0.92
2026-07-04 20:15:00,230.97,5.17,0.89
2026-07-04 20:20:00,230.64,4.25,0.92
2026-07-04 20:25:00,225.07,3.69,0.89
2026-07-04 20:30:00,225.43,5.39,0.91
2026-07-04 20:35:00,228.07,2.89,0.93
2026-07-04 20:40:00,233.91,2.58,0.92
2026-07-04 20:45:00,228.85,3.86,0.92
2026-07-04 20:50:00,233.31,3.49,0.92
2026-07-04 20:55:00,229.55,3.64,0.91
2026-07-04 21:00:00,234.94,3.34,0.89
2026-07-04 21:05:00,230.9,5.42,0.91
2026-07-04 21:10:00,225.62,4.68,0.89
2026-07-04 21:15:00,226.34,2.57,0.94
2026-07-04 21:20:00,233.44,5.91,0.89
2026-07-04 21:25:00,227.86,5.83,0.88
2026-07-04 21:30:00,231.6,4.27,0.92
2026-07-04 21:35:00,230.08,5.39,0.92
2026-07-04 21:40:00,231.62,2.57,0.91
2026-07-04 21:45:00,233.7,3.36,0.91
2026-07-04 21:50:00,231.32,4.02,0.92
2026-07-04 21:55:00,230.83,4.61,0.92
2026-07-04 22:00:00,233.08,3.2,0.93
2026-07-04 22:05:00,234.62,4.4,0.89
2026-07-04 22:10:00,232.88,4.52,0.91
2026-07-04 22:15:00,227.19,4.63,0.94
2026-07-04 22:20:00,229.04,4.6,0.92
2026-07-04 22:25:00,229.15,3.84,0.92
2026-07-04 22:30:00,230.74,4.39,0.9
2026-07-04 22:35:00,228.86,3.57,0.92
2026-07-04 22:40:00,232.05,4.58,0.91
2026-07-04 22:45:00,226.71,4.13,0.89
2026-07-04 22:50:00,225.21,3.68,0.91
2026-07-04 22:55:00,228.49,4.35,0.9
2026-07-04 23:00:00,230.13,4.94,0.9
2026-07-04 23:05:00,229.5,3.45,0.9
2026-07-04 23:10:00,230.99,4.81,0.93
2026-07-04 23:15:00,230.57,5.63,0.92
2026-07-04 23:20:00,225.58,5.85,0.88
2026-07-04 23:25:00,234.12,4.73,0.9
2026-07-04 23:30:00,233.19,5.76,0.94
2026-07-04 23:35:00,230.58,2.66,0.89
2026-07-04 23:40:00,228.1,4.86,0.9
2026-07-04 23:45:00,231.63,3.73,0.89
2026-07-04 23:50:00,228.09,4.32,0.89
2026-07-04 23:55:00,230.85,5.54,0.91
2026-07-05 00:00:00,226.06,0.72,0.86
2026-07-05 00:05:00,230.91,0.78,0.8
2026-07-05 00:10:00,234.87,1.46,0.87
2026-07-05 00:15:00,230.03,0.95,0.81
2026-07-05 00:20:00,230.07,1.73,0.86
2026-07-05 00:25:00,228.46,1.23,0.85
2026-07-05 00:30:00,229.81,1.38,0.87
2026-07-05 00:35:00,226.89,1.06,0.85
2026-07-05 00:40:00,233.47,0.94,0.84
2026-07-05 00:45:00,233.1,1.7,0.87
2026-07-05 00:50:00,233.05,0.42,0.88
2026-07-05 00:55:00,234.66,1.43,0.82
2026-07-05 01:00:00,230.77,1.19,0.87
2026-07-05 01:05:00,230.05,1.38,0.84
2026-07-05 01:10:00,226.08,1.3,0.81
2026-07-05 01:15:00,230.99,1.68,0.86
2026-07-05 01:20:00,233.68,0.58,0.85
2026-07-05 01:25:00,228.96,1.74,0.81
2026-07-05 01:30:00,231.69,0.98,0.82
2026-07-05 01:35:00,233.87,1.63,0.85
2026-07-05 01:40:00,229.88,1.21,0.85
2026-07-05 01:45:00,225.27,1.13,0.84
2026-07-05 01:50:00,231.45,0.82,0.87
2026-07-05 01:55:00,229.4,1.48,0.84
2026-07-05 02:00:00,234.84,1.17,0.85
2026-07-05 02:05:00,227.76,0.75,0.8
2026-07-05 02:10:00,228.13,1.06,0.81
2026-07-05 02:15:00,230.57,0.85,0.85
2026-07-05 02:20:00,231.12,1.76,0.85
2026-07-05 02:25:00,231.99,1.75,0.81
2026-07-05 02:30:00,231.98,1.7,0.8
2026-07-05 02:35:00,225.26,1.26,0.85
2026-07-05 02:40:00,227.86,1.32,0.87
2026-07-05 02:45:00,232.95,0.73,0.82
2026-07-05 02:50:00,227.46,0.64,0.84
2026-07-05 02:55:00,227.94,1.21,0.82
2026-07-05 03:00:00,230.78,0.73,0.84
2026-07-05 03:05:00,229.27,1.52,0.83
2026-07-05 03:10:00,225.02,0.54,0.85
2026-07-05 03:15:00,230.19,1.34,0.81
2026-07-05 03:20:00,226.73,0.52,0.81
2026-07-05 03:25:00,231.93,0.95,0.86
2026-07-05 03:30:00,230.61,1.56,0.84
2026-07-05 03:35:00,231.97,1.56,0.82
2026-07-05 03:40:00,234.37,0.41,0.87
2026-07-05 03:45:00,227.32,1.33,0.86
2026-07-05 03:50:00,232.12,0.56,0.82
2026-07-05 03:55:00,232.24,1.23,0.82
2026-07-05 04:00:00,230.39,1.13,0.83
2026-07-05 04:05:00,226.96,1.72,0.85
2026-07-05 04:10:00,230.95,1.48,0.82
2026-07-05 04:15:00,225.01,0.97,0.83
2026-07-05 04:20:00,225.38,0.96,0.83
2026-07-05 04:25:00,234.58,0.83,0.85
2026-07-05 04:30:00,230.26,0.55,0.81
2026-07-05 04:35:00,230.61,0.55,0.87
2026-07-05 04:40:00,230.1,0.91,0.87
2026-07-05 04:45:00,234.12,1.51,0.85
2026-07-05 04:50:00,229.88,0.7,0.83
2026-07-05 04:55:00,225.94,1.01,0.84
2026-07-05 05:00:00,232.46,0.65,0.87
2026-07-05 05:05:00,230.94,1.51,0.85
2026-07-05 05:10:00,228.41,0.89,0.82
2026-07-05 05:15:00,231.04,1.57,0.82
2026-07-05 05:20:00,225.44,0.52,0.86
2026-07-05 05:25:00,228.86,1.44,0.83
2026-07-05 05:30:00,231.25,1.38,0.88
2026-07-05 05:35:00,229.36,1.01,0.82
2026-07-05 05:40:00,229.62,1.59,0.87
2026-07-05 05:45:00,227.04,0.72,0.81
2026-07-05 05:50:00,225.5,1.54,0.81
2026-07-05 05:55:00,226.8,0.82,0.8
2026-07-05 06:00:00,230.38,1.12,0.82
2026-07-05 06:05:00,225.43,0.68,0.86
2026-07-05 06:10:00,231.63,1.8,0.86
2026-07-05 06:15:00,234.0,1.37,0.87
2026-07-05 06:20:00,229.32,1.41,0.87
2026-07-05 06:25:00,229.56,0.86,0.87
2026-07-05 06:30:00,231.73,1.43,0.87
2026-07-05 06:35:00,233.79,0.62,0.87
2026-07-05 06:40:00,226.2,1.74,0.84
2026-07-05 06:45:00,232.39,0.81,0.83
2026-07-05 06:50:00,233.88,1.06,0.84
2026-07-05 06:55:00,229.24,0.59,0.86
2026-07-05 07:00:00,232.81,0.41,0.82
2026-07-05 07:05:00,233.18,1.6,0.87
2026-07-05 07:10:00,229.26,0.96,0.85
2026-07-05 07:15:00,234.07,1.15,0.83
2026-07-05 07:20:00,225.18,1.38,0.86
2026-07-05 07:25:00,234.12,1.66,0.84
2026-07-05 07:30:00,231.32,1.65,0.84
2026-07-05 07:35:00,229.17,1.59,0.82
2026-07-05 07:40:00,225.3,0.42,0.83
2026-07-05 07:45:00,225.77,0.66,0.83
2026-07-05 07:50:00,231.15,1.28,0.83
2026-07-05 07:55:00,225.15,1.31,0.84
2026-07-05 08:00:00,226.74,1.03,0.87
2026-07-05 08:05:00,227.01,1.2,0.82
2026-07-05 08:10:00,227.91,0.76,0.85
2026-07-05 08:15:00,227.45,0.56,0.85
2026-07-05 08:20:00,233.68,1.12,0.87
2026-07-05 08:25:00,229.63,1.35,0.83
2026-07-05 08:30:00,227.19,1.66,0.85
2026-07-05 08:35:00,227.76,1.11,0.83
2026-07-05 08:40:00,226.2,1.13,0.86
2026-07-05 08:45:00,231.21,0.41,0.8
2026-07-05 08:50:00,230.91,1.35,0.86
2026-07-05 08:55:00,231.13,0.42,0.84
2026-07-05 09:00:00,228.05,0.5,0.83
2026-07-05 09:05:00,230.21,0.66,0.81
2026-07-05 09:10:00,234.88,1.43,0.8
2026-07-05 09:15:00,225.58,0.77,0.86
2026-07-05 09:20:00,231.21,0.8,0.87
2026-07-05 09:25:00,234.23,1.55,0.88
2026-07-05 09:30:00,230.85,1.22,0.81
2026-07-05 09:35:00,229.73,0.63,0.83
2026-07-05 09:40:00,229.1,1.59,0.83
2026-07-05 09:45:00,231.73,1.13,0.82
2026-07-05 09:50:00,228.09,0.73,0.85
2026-07-05 09:55:00,225.41,0.58,0.88
2026-07-05 10:00:00,230.06,5.28,0.97
2026-07-05 10:05:00,227.18,6.47,0.97
2026-07-05 10:10:00,228.05,4.46,0.95
2026-07-05 10:15:00,232.32,6.77,0.98
2026-07-05 10:20:00,228.67,9.88,0.93
2026-07-05 10:25:00,229.07,4.85,0.98
2026-07-05 10:30:00,233.77,5.48,0.98
2026-07-05 10:35:00,228.38,7.57,0.94
2026-07-05 10:40:00,233.51,5.37,0.93
2026-07-05 10:45:00,229.21,8.96,0.95
2026-07-05 10:50:00,232.48,9.38,0.96
2026-07-05 10:55:00,231.72,4.83,0.96
2026-07-05 11:00:00,226.94,5.28,0.93
2026-07-05 11:05:00,234.06,7.2,0.92
2026-07-05 11:10:00,234.19,5.44,0.93
2026-07-05 11:15:00,225.48,5.88,0.93
2026-07-05 11:20:00,230.86,4.55,0.93
2026-07-05 11:25:00,233.4,7.23,0.97
2026-07-05 11:30:00,232.92,8.96,0.93
2026-07-05 11:35:00,234.53,6.13,0.97
2026-07-05 11:40:00,229.05,6.35,0.97
2026-07-05 11:45:00,230.78,7.24,0.97
2026-07-05 11:50:00,231.81,7.88,0.93
2026-07-05 11:55:00,232.68,6.77,0.92
2026-07-05 12:00:00,225.1,9.59,0.93
2026-07-05 12:05:00,231.71,4.61,0.94
2026-07-05 12:10:00,226.69,6.22,0.95
2026-07-05 12:15:00,233.33,5.43,0.96
2026-07-05 12:20:00,226.14,4.73,0.97
2026-07-05 12:25:00,229.83,6.03,0.94
2026-07-05 12:30:00,226.87,4.52,0.93
2026-07-05 12:35:00,229.95,4.41,0.94
2026-07-05 12:40:00,225.27,7.66,0.95
2026-07-05 12:45:00,234.47,5.44,0.95
2026-07-05 12:50:00,225.35,9.64,0.97
2026-07-05 12:55:00,225.27,6.52,0.98
2026-07-05 13:00:00,234.91,5.74,0.94
2026-07-05 13:05:00,228.23,6.55,0.94
2026-07-05 13:10:00,226.83,8.18,0.96
2026-07-05 13:15:00,230.82,7.16,0.96
2026-07-05 13:20:00,234.87,5.91,0.93
2026-07-05 13:25:00,225.67,6.84,0.93
2026-07-05 13:30:00,230.64,7.36,0.93
2026-07-05 13:35:00,227.3,4.49,0.95
2026-07-05 13:40:00,230.78,4.95,0.96
2026-07-05 13:45:00,227.69,9.51,0.95
2026-07-05 13:50:00,232.78,5.2,0.97
2026-07-05 13:55:00,230.2,4.12,0.93
2026-07-05 14:00:00,225.52,4.86,0.96
2026-07-05 14:05:00,225.17,7.82,0.97
2026-07-05 14:10:00,231.65,6.91,0.95
2026-07-05 14:15:00,234.62,6.46,0.92
2026-07-05 14:20:00,234.9,4.91,0.93
2026-07-05 14:25:00,225.18,5.74,0.94
2026-07-05 14:30:00,234.99,8.15,0.96
2026-07-05 14:35:00,226.56,4.49,0.95
2026-07-05 14:40:00,231.27,5.12,0.93
2026-07-05 14:45:00,230.27,4.2,0.93
2026-07-05 14:50:00,234.64,6.48,0.98
2026-07-05 14:55:00,230.55,5.27,0.94
2026-07-05 15:00:00,226.11,8.29,0.96
2026-07-05 15:05:00,231.49,4.39,0.94
2026-07-05 15:10:00,234.32,4.56,0.93
2026-07-05 15:15:00,233.76,4.46,0.98
2026-07-05 15:20:00,227.7,8.05,0.93
2026-07-05 15:25:00,227.78,6.05,0.93
2026-07-05 15:30:00,225.57,4.14,0.96
2026-07-05 15:35:00,234.66,7.23,0.97
2026-07-05 15:40:00,226.78,9.64,0.98
2026-07-05 15:45:00,234.61,4.8,0.97
2026-07-05 15:50:00,228.99,7.14,0.94
2026-07-05 15:55:00,233.85,9.02,0.97
2026-07-05 16:00:00,234.31,4.43,0.92
2026-07-05 16:05:00,232.16,5.12,0.96
2026-07-05 16:10:00,229.14,8.03,0.95
2026-07-05 16:15:00,229.89,9.5,0.94
2026-07-05 16:20:00,226.84,8.11,0.98
2026-07-05 16:25:00,234.09,5.78,0.93
2026-07-05 16:30:00,230.88,4.37,0.97
2026-07-05 16:35:00,234.58,7.81,0.97
2026-07-05 16:40:00,226.44,8.05,0.96
2026-07-05 16:45:00,231.74,6.22,0.93
2026-07-05 16:50:00,230.15,7.82,0.92
2026-07-05 16:55:00,231.19,6.4,0.92
2026-07-05 17:00:00,228.92,5.03,0.95
2026-07-05 17:05:00,227.79,5.68,0.97
2026-07-05 17:10:00,228.2,9.31,0.96
2026-07-05 17:15:00,228.71,6.09,0.93
2026-07-05 17:20:00,227.6,6.49,0.93
2026-07-05 17:25:00,227.3,6.41,0.97
2026-07-05 17:30:00,228.1,7.97,0.97
2026-07-05 17:35:00,231.17,4.32,0.93
2026-07-05 17:40:00,232.65,7.66,0.92
2026-07-05 17:45:00,234.73,5.01,0.94
2026-07-05 17:50:00,230.92,9.77,0.97
2026-07-05 17:55:00,226.78,4.94,0.93
2026-07-05 18:00:00,227.02,4.49,0.93
2026-07-05 18:05:00,230.03,6.87,0.96
2026-07-05 18:10:00,228.2,9.7,0.94
2026-07-05 18:15:00,228.4,4.97,0.97
2026-07-05 18:20:00,225.45,6.6,0.92
2026-07-05 18:25:00,229.37,9.67,0.92
2026-07-05 18:30:00,228.77,9.16,0.96
2026-07-05 18:35:00,232.06,7.8,0.96
2026-07-05 18:40:00,233.5,7.85,0.94
2026-07-05 18:45:00,232.98,5.35,0.95
2026-07-05 18:50:00,232.07,8.83,0.98
2026-07-05 18:55:00,234.3,7.9,0.98
2026-07-05 19:00:00,234.87,4.91,0.89
2026-07-05 19:05:00,233.72,4.07,0.89
2026-07-05 19:10:00,234.1,3.13,0.91
2026-07-05 19:15:00,226.25,3.77,0.89
2026-07-05 19:20:00,232.9,3.9,0.93
2026-07-05 19:25:00,230.98,4.05,0.89
2026-07-05 19:30:00,234.14,5.8,0.94
2026-07-05 19:35:00,233.87,3.18,0.89
2026-07-05 19:40:00,227.42,4.75,0.9
2026-07-05 19:45:00,228.22,2.68,0.88
2026-07-05 19:50:00,229.93,5.7,0.89
2026-07-05 19:55:00,228.98,4.93,0.91
2026-07-05 20:00:00,232.46,5.3,0.93
2026-07-05 20:05:00,234.7,5.06,0.9
2026-07-05 20:10:00,231.89,4.48,0.92
2026-07-05 20:15:00,228.56,5.91,0.93
2026-07-05 20:20:00,231.33,4.13,0.88
2026-07-05 20:25:00,226.53,5.01,0.88
2026-07-05 20:30:00,229.97,5.21,0.93
2026-07-05 20:35:00,228.86,3.93,0.91
2026-07-05 20:40:00,225.75,3.78,0.94
2026-07-05 20:45:00,228.49,4.47,0.9
2026-07-05 20:50:00,225.48,4.88,0.9
2026-07-05 20:55:00,227.71,4.5,0.91
2026-07-05 21:00:00,227.68,5.21,0.91
2026-07-05 21:05:00,232.44,5.88,0.91
2026-07-05 21:10:00,225.8,3.46,0.91
2026-07-05 21:15:00,229.66,5.84,0.93
2026-07-05 21:20:00,226.45,4.03,0.93
2026-07-05 21:25:00,229.38,4.89,0.93
2026-07-05 21:30:00,229.1,5.32,0.9
2026-07-05 21:35:00,234.34,4.08,0.91
2026-07-05 21:40:00,234.55,5.92,0.9
2026-07-05 21:45:00,234.88,4.5,0.92
2026-07-05 21:50:00,234.4,4.35,0.93
2026-07-05 21:55:00,231.26,5.55,0.9
2026-07-05 22:00:00,225.09,2.71,0.92
2026-07-05 22:05:00,234.79,5.42,0.93
2026-07-05 22:10:00,225.56,4.49,0.91
2026-07-05 22:15:00,231.46,3.88,0.92
2026-07-05 22:20:00,232.79,5.72,0.9
2026-07-05 22:25:00,232.21,5.11,0.9
2026-07-05 22:30:00,232.3,3.59,0.93
2026-07-05 22:35:00,226.41,3.11,0.91
2026-07-05 22:40:00,231.27,3.15,0.92
2026-07-05 22:45:00,225.31,2.92,0.88
2026-07-05 22:50:00,234.74,4.36,0.89
2026-07-05 22:55:00,232.78,4.62,0.94
2026-07-05 23:00:00,225.53,4.49,0.94
2026-07-05 23:05:00,234.49,4.63,0.88
2026-07-05 23:10:00,231.85,4.73,0.93
2026-07-05 23:15:00,232.38,5.0,0.88
2026-07-05 23:20:00,225.9,5.96,0.9
2026-07-05 23:25:00,234.05,4.81,0.93
2026-07-05 23:30:00,227.55,5.86,0.91
2026-07-05 23:35:00,228.58,4.16,0.9
2026-07-05 23:40:00,229.74,3.34,0.91
2026-07-05 23:45:00,233.64,2.59,0.91
2026-07-05 23:50:00,232.63,3.48,0.89
2026-07-05 23:55:00,226.36,4.03,0.91
2026-07-06 00:00:00,228.52,0.96,0.88
2026-07-06 00:05:00,227.89,1.14,0.88
2026-07-06 00:10:00,225.07,1.21,0.86
2026-07-06 00:15:00,225.46,1.69,0.87
2026-07-06 00:20:00,227.44,1.67,0.83
2026-07-06 00:25:00,229.67,1.75,0.87
2026-07-06 00:30:00,229.54,0.83,0.82
2026-07-06 00:35:00,228.0,1.63,0.87
2026-07-06 00:40:00,232.86,0.67,0.87
2026-07-06 00:45:00,230.1,0.94,0.8
2026-07-06 00:50:00,226.35,1.47,0.85
2026-07-06 00:55:00,228.41,0.53,0.84
2026-07-06 01:00:00,229.11,1.56,0.86
2026-07-06 01:05:00,234.27,0.68,0.85
2026-07-06 01:10:00,234.16,0.4,0.85
2026-07-06 01:15:00,231.74,1.08,0.82
2026-07-06 01:20:00,231.54,1.35,0.83
2026-07-06 01:25:00,231.37,1.36,0.82
2026-07-06 01:30:00,232.75,0.75,0.88
2026-07-06 01:35:00,230.49,1.27,0.85
2026-07-06 01:40:00,230.12,1.67,0.84
2026-07-06 01:45:00,225.7,0.71,0.83
2026-07-06 01:50:00,228.16,0.85,0.84
2026-07-06 01:55:00,232.4,1.71,0.85
2026-07-06 02:00:00,229.92,1.63,0.87
2026-07-06 02:05:00,231.52,1.06,0.81
2026-07-06 02:10:00,225.17,0.58,0.85
2026-07-06 02:15:00,234.63,0.85,0.85
2026-07-06 02:20:00,232.83,1.57,0.87
2026-07-06 02:25:00,229.03,0.5,0.81
2026-07-06 02:30:00,227.02,0.46,0.83
2026-07-06 02:35:00,227.09,0.62,0.86
2026-07-06 02:40:00,228.69,1.47,0.86
2026-07-06 02:45:00,229.66,1.51,0.83
2026-07-06 02:50:00,234.17,0.79,0.84
2026-07-06 02:55:00,230.64,0.61,0.81
2026-07-06 03:00:00,230.3,1.12,0.87
2026-07-06 03:05:00,230.33,0.61,0.85
2026-07-06 03:10:00,230.82,1.55,0.82
2026-07-06 03:15:00,225.32,0.76,0.82
2026-07-06 03:20:00,229.38,1.62,0.85
2026-07-06 03:25:00,234.07,1.75,0.86
2026-07-06 03:30:00,232.39,0.83,0.87
2026-07-06 03:35:00,233.3,1.51,0.83
2026-07-06 03:40:00,226.6,1.76,0.87
2026-07-06 03:45:00,227.71,1.44,0.85
2026-07-06 03:50:00,228.19,0.44,0.84
2026-07-06 03:55:00,225.3,0.46,0.81
2026-07-06 04:00:00,233.63,0.58,0.8
2026-07-06 04:05:00,233.98,1.07,0.82
2026-07-06 04:10:00,234.31,1.72,0.86
2026-07-06 04:15:00,232.88,1.4,0.81
2026-07-06 04:20:00,232.03,0.61,0.82
2026-07-06 04:25:00,228.11,0.6,0.84
2026-07-06 04:30:00,228.46,1.79,0.81
2026-07-06 04:35:00,228.37,1.79,0.83
2026-07-06 04:40:00,225.72,1.66,0.81
2026-07-06 04:45:00,232.48,0.67,0.86
2026-07-06 04:50:00,234.31,1.0,0.88
2026-07-06 04:55:00,230.83,0.46,0.82
2026-07-06 05:00:00,226.4,1.34,0.81
2026-07-06 05:05:00,228.87,0.72,0.86
2026-07-06 05:10:00,234.51,1.38,0.82
2026-07-06 05:15:00,233.47,0.68,0.83
2026-07-06 05:20:00,233.68,1.76,0.84
2026-07-06 05:25:00,226.74,1.62,0.82
2026-07-06 05:30:00,232.14,0.42,0.86
2026-07-06 05:35:00,225.39,1.52,0.83
2026-07-06 05:40:00,233.75,0.56,0.87
2026-07-06 05:45:00,232.69,0.48,0.82
2026-07-06 05:50:00,229.03,1.53,0.8
2026-07-06 05:55:00,227.6,1.54,0.84
2026-07-06 06:00:00,228.9,0.98,0.82
2026-07-06 06:05:00,228.15,1.36,0.85
2026-07-06 06:10:00,232.2,1.26,0.84
2026-07-06 06:15:00,229.67,0.99,0.86
2026-07-06 06:20:00,231.71,1.15,0.86
2026-07-06 06:25:00,234.1,1.36,0.84
2026-07-06 06:30:00,225.5,0.72,0.85
2026-07-06 06:35:00,229.48,1.73,0.81
2026-07-06 06:40:00,225.57,0.5,0.82
2026-07-06 06:45:00,233.87,1.15,0.86
2026-07-06 06:50:00,232.78,0.45,0.85
2026-07-06 06:55:00,228.58,0.88,0.85
2026-07-06 07:00:00,226.98,1.55,0.85
2026-07-06 07:05:00,234.88,0.74,0.82
2026-07-06 07:10:00,229.84,1.58,0.86
2026-07-06 07:15:00,226.69,1.74,0.84
2026-07-06 07:20:00,228.63,0.6,0.84
2026-07-06 07:25:00,227.79,0.76,0.87
2026-07-06 07:30:00,230.88,0.71,0.87
2026-07-06 07:35:00,228.2,1.47,0.86
2026-07-06 07:40:00,230.84,1.58,0.84
2026-07-06 07:45:00,229.93,0.86,0.8
2026-07-06 07:50:00,232.35,1.53,0.81
2026-07-06 07:55:00,231.5,1.53,0.82
2026-07-06 08:00:00,229.76,1.44,0.82
2026-07-06 08:05:00,225.69,0.95,0.88
2026-07-06 08:10:00,227.17,1.37,0.83
2026-07-06 08:15:00,228.07,1.41,0.8
2026-07-06 08:20:00,226.13,1.17,0.88
2026-07-06 08:25:00,234.81,0.88,0.8
2026-07-06 08:30:00,231.83,0.97,0.82
2026-07-06 08:35:00,227.22,1.41,0.87
2026-07-06 08:40:00,227.83,0.46,0.88
2026-07-06 08:45:00,232.76,0.87,0.84
2026-07-06 08:50:00,230.14,0.96,0.82
2026-07-06 08:55:00,227.44,1.1,0.87
2026-07-06 09:00:00,229.83,0.79,0.84
2026-07-06 09:05:00,234.32,1.45,0.88
2026-07-06 09:10:00,230.66,1.35,0.85
2026-07-06 09:15:00,231.83,1.42,0.86
2026-07-06 09:20:00,232.9,1.34,0.81
2026-07-06 09:25:00,228.72,1.48,0.84
2026-07-06 09:30:00,233.51,1.21,0.86
2026-07-06 09:35:00,233.51,1.68,0.83
2026-07-06 09:40:00,228.35,0.87,0.84
2026-07-06 09:45:00,229.88,0.59,0.83
2026-07-06 09:50:00,226.94,1.44,0.87
2026-07-06 09:55:00,230.48,0.57,0.86
2026-07-06 10:00:00,229.18,6.19,0.94
2026-07-06 10:05:00,228.12,5.54,0.92
2026-07-06 10:10:00,230.93,6.18,0.94
2026-07-06 10:15:00,233.74,7.49,0.96
2026-07-06 10:20:00,233.25,9.51,0.96
2026-07-06 10:25:00,230.88,4.45,0.94
2026-07-06 10:30:00,234.89,9.67,0.94
2026-07-06 10:35:00,228.33,6.34,0.93
2026-07-06 10:40:00,227.57,4.5,0.97
2026-07-06 10:45:00,232.1,8.36,0.93
2026-07-06 10:50:00,225.07,7.33,0.96
2026-07-06 10:55:00,226.13,8.25,0.98
2026-07-06 11:00:00,225.34,6.64,0.95
2026-07-06 11:05:00,227.72,9.36,0.98
2026-07-06 11:10:00,231.88,8.65,0.92
2026-07-06 11:15:00,232.37,4.15,0.97
2026-07-06 11:20:00,228.81,8.97,0.97
2026-07-06 11:25:00,226.01,4.27,0.97
2026-07-06 11:30:00,233.77,7.21,0.93
2026-07-06 11:35:00,233.81,5.5,0.97
2026-07-06 11:40:00,231.78,7.31,0.93
2026-07-06 11:45:00,227.88,4.68,0.95
2026-07-06 11:50:00,231.6,7.24,0.94
2026-07-06 11:55:00,233.17,9.93,0.94
2026-07-06 12:00:00,232.22,9.17,0.93
2026-07-06 12:05:00,231.67,7.9,0.94
2026-07-06 12:10:00,226.6,6.98,0.97
2026-07-06 12:15:00,227.01,5.21,0.95
2026-07-06 12:20:00,229.25,9.94,0.93
2026-07-06 12:25:00,229.54,5.1,0.95
2026-07-06 12:30:00,234.63,7.26,0.96
2026-07-06 12:35:00,228.87,6.03,0.94
2026-07-06 12:40:00,227.61,9.3,0.96
2026-07-06 12:45:00,226.4,5.76,0.97
2026-07-06 12:50:00,233.68,7.06,0.96
2026-07-06 12:55:00,231.94,4.22,0.98
2026-07-06 13:00:00,231.66,8.47,0.95
2026-07-06 13:05:00,231.37,4.17,0.96
2026-07-06 13:10:00,225.35,4.16,0.95
2026-07-06 13:15:00,227.14,7.93,0.96
2026-07-06 13:20:00,229.46,6.45,0.94
2026-07-06 13:25:00,233.64,4.98,0.97
2026-07-06 13:30:00,227.88,4.35,0.96
2026-07-06 13:35:00,230.88,8.34,0.93
2026-07-06 13:40:00,234.19,7.22,0.96
2026-07-06 13:45:00,229.75,8.18,0.97
2026-07-06 13:50:00,230.32,6.82,0.97
2026-07-06 13:55:00,231.39,4.47,0.92
2026-07-06 14:00:00,234.41,9.03,0.97
2026-07-06 14:05:00,233.11,4.28,0.92
2026-07-06 14:10:00,231.66,7.84,0.96
2026-07-06 14:15:00,233.64,7.53,0.94
2026-07-06 14:20:00,230.16,8.34,0.93
2026-07-06 14:25:00,231.03,6.95,0.96
2026-07-06 14:30:00,226.62,6.87,0.94
2026-07-06 14:35:00,226.88,9.38,0.95
2026-07-06 14:40:00,233.41,5.96,0.95
2026-07-06 14:45:00,230.64,7.08,0.94
2026-07-06 14:50:00,227.99,8.8,0.94
2026-07-06 14:55:00,226.01,4.57,0.98
2026-07-06 15:00:00,232.31,7.69,0.96
2026-07-06 15:05:00,232.64,9.58,0.96
2026-07-06 15:10:00,233.81,9.84,0.92
2026-07-06 15:15:00,233.23,9.17,0.98
2026-07-06 15:20:00,230.46,8.21,0.93
2026-07-06 15:25:00,228.49,9.18,0.97
2026-07-06 15:30:00,227.88,4.38,0.97
2026-07-06 15:35:00,228.39,7.68,0.93
2026-07-06 15:40:00,234.12,6.47,0.98
2026-07-06 15:45:00,233.52,5.63,0.94
2026-07-06 15:50:00,227.92,4.9,0.98
2026-07-06 15:55:00,229.41,6.6,0.96
2026-07-06 16:00:00,226.61,7.05,0.97
2026-07-06 16:05:00,232.52,4.25,0.97
2026-07-06 16:10:00,232.97,5.76,0.97
2026-07-06 16:15:00,226.62,8.01,0.93
2026-07-06 16:20:00,234.65,6.16,0.95
2026-07-06 16:25:00,226.99,6.45,0.98
2026-07-06 16:30:00,234.37,9.71,0.98
2026-07-06 16:35:00,234.72,5.09,0.98
2026-07-06 16:40:00,228.63,8.76,0.94
2026-07-06 16:45:00,232.64,8.64,0.98
2026-07-06 16:50:00,225.68,7.45,0.96
2026-07-06 16:55:00,226.99,5.49,0.94
2026-07-06 17:00:00,226.46,6.58,0.97
2026-07-06 17:05:00,227.51,8.0,0.97
2026-07-06 17:10:00,230.22,6.82,0.98
2026-07-06 17:15:00,230.75,7.89,0.98
2026-07-06 17:20:00,231.33,4.5,0.95
2026-07-06 17:25:00,226.49,8.93,0.96
2026-07-06 17:30:00,232.24,8.87,0.98
2026-07-06 17:35:00,226.32,9.65,0.94
2026-07-06 17:40:00,225.67,6.43,0.98
2026-07-06 17:45:00,233.81,5.23,0.92
2026-07-06 17:50:00,231.28,6.61,0.96
2026-07-06 17:55:00,231.66,8.55,0.92
2026-07-06 18:00:00,228.51,5.19,0.98
2026-07-06 18:05:00,231.95,9.5,0.96
2026-07-06 18:10:00,230.15,6.68,0.95
2026-07-06 18:15:00,234.3,7.03,0.95
2026-07-06 18:20:00,225.22,7.56,0.98
2026-07-06 18:25:00,227.32,4.44,0.93
2026-07-06 18:30:00,227.44,7.14,0.96
2026-07-06 18:35:00,228.4,7.14,0.92
2026-07-06 18:40:00,226.61,5.61,0.96
2026-07-06 18:45:00,230.79,9.12,0.93
2026-07-06 18:50:00,232.59,5.95,0.93
2026-07-06 18:55:00,232.06,8.97,0.95
2026-07-06 19:00:00,231.68,4.55,0.92
2026-07-06 19:05:00,230.8,2.61,0.93
2026-07-06 19:10:00,226.44,5.14,0.88
2026-07-06 19:15:00,226.93,3.97,0.92
2026-07-06 19:20:00,228.23,5.37,0.92
2026-07-06 19:25:00,228.56,3.67,0.93
2026-07-06 19:30:00,230.61,4.91,0.91
2026-07-06 19:35:00,234.25,5.89,0.91
2026-07-06 19:40:00,234.02,3.11,0.91
2026-07-06 19:45:00,232.59,5.47,0.91
2026-07-06 19:50:00,228.9,5.33,0.93
2026-07-06 19:55:00,232.03,4.83,0.9
2026-07-06 20:00:00,230.2,2.8,0.89
2026-07-06 20:05:00,234.61,4.21,0.91
2026-07-06 20:10:00,225.57,2.96,0.88
2026-07-06 20:15:00,233.51,3.76,0.94
2026-07-06 20:20:00,225.02,4.9,0.92
2026-07-06 20:25:00,226.76,2.56,0.91
2026-07-06 20:30:00,226.66,2.53,0.88
2026-07-06 20:35:00,227.77,4.87,0.93
2026-07-06 20:40:00,229.44,3.96,0.94
2026-07-06 20:45:00,230.14,4.7,0.92
2026-07-06 20:50:00,232.32,3.52,0.93
2026-07-06 20:55:00,233.7,5.79,0.89
2026-07-06 21:00:00,226.75,4.55,0.9
2026-07-06 21:05:00,232.46,4.12,0.92
2026-07-06 21:10:00,226.52,4.98,0.88
2026-07-06 21:15:00,226.81,4.17,0.89
2026-07-06 21:20:00,231.74,4.09,0.91
2026-07-06 21:25:00,233.75,3.95,0.88
2026-07-06 21:30:00,226.4,3.45,0.9
2026-07-06 21:35:00,234.62,3.32,0.91
2026-07-06 21:40:00,225.84,4.9,0.89
2026-07-06 21:45:00,232.15,2.52,0.92
2026-07-06 21:50:00,229.69,5.78,0.89
2026-07-06 21:55:00,233.99,4.71,0.9
2026-07-06 22:00:00,230.55,4.73,0.93
2026-07-06 22:05:00,227.76,5.72,0.9
2026-07-06 22:10:00,227.97,5.65,0.89
2026-07-06 22:15:00,229.85,4.9,0.89
2026-07-06 22:20:00,230.65,5.44,0.91
2026-07-06 22:25:00,233.12,5.63,0.92
2026-07-06 22:30:00,229.2,4.88,0.93
2026-07-06 22:35:00,231.8,3.39,0.9
2026-07-06 22:40:00,226.08,2.53,0.89
2026-07-06 22:45:00,233.51,3.73,0.89
2026-07-06 22:50:00,234.18,4.9,0.88
2026-07-06 22:55:00,230.82,2.57,0.91
2026-07-06 23:00:00,227.17,3.36,0.93
2026-07-06 23:05:00,228.81,4.45,0.91
2026-07-06 23:10:00,229.07,5.13,0.94
2026-07-06 23:15:00,230.74,5.68,0.91
2026-07-06 23:20:00,232.12,5.83,0.88
2026-07-06 23:25:00,233.06,5.98,0.9
2026-07-06 23:30:00,225.13,5.52,0.88
2026-07-06 23:35:00,232.62,4.64,0.88
2026-07-06 23:40:00,226.87,3.02,0.92
2026-07-06 23:45:00,227.82,4.94,0.91
2026-07-06 23:50:00,228.43,5.81,0.92
2026-07-06 23:55:00,233.2,3.53,0.91
2026-07-07 00:00:00,232.73,0.82,0.87
2026-07-07 00:05:00,232.46,1.12,0.85
2026-07-07 00:10:00,229.41,0.99,0.82
2026-07-07 00:15:00,234.33,1.2,0.81
2026-07-07 00:20:00,226.01,1.4,0.82
2026-07-07 00:25:00,230.89,0.85,0.88
2026-07-07 00:30:00,226.02,0.71,0.86
2026-07-07 00:35:00,231.74,0.69,0.81
2026-07-07 00:40:00,226.24,1.22,0.86
2026-07-07 00:45:00,234.0,1.1,0.84
2026-07-07 00:50:00,225.82,1.61,0.82
2026-07-07 00:55:00,227.53,1.47,0.84
2026-07-07 01:00:00,226.99,1.62,0.84
2026-07-07 01:05:00,225.31,0.67,0.88
2026-07-07 01:10:00,231.09,1.66,0.82
2026-07-07 01:15:00,228.24,1.74,0.81
2026-07-07 01:20:00,232.05,0.67,0.84
2026-07-07 01:25:00,227.97,1.08,0.86
2026-07-07 01:30:00,226.58,1.68,0.82
2026-07-07 01:35:00,234.26,1.33,0.83
2026-07-07 01:40:00,228.0,0.48,0.84
2026-07-07 01:45:00,225.24,1.74,0.85
2026-07-07 01:50:00,233.82,0.69,0.81
2026-07-07 01:55:00,225.31,1.09,0.84
2026-07-07 02:00:00,232.42,1.56,0.88
2026-07-07 02:05:00,227.37,1.16,0.86
2026-07-07 02:10:00,229.62,0.54,0.87
2026-07-07 02:15:00,227.93,0.88,0.88
2026-07-07 02:20:00,230.06,1.56,0.84
2026-07-07 02:25:00,225.42,0.46,0.87
2026-07-07 02:30:00,229.56,1.63,0.87
2026-07-07 02:35:00,233.88,1.11,0.84
2026-07-07 02:40:00,232.47,0.6,0.83
2026-07-07 02:45:00,233.58,0.88,0.81
2026-07-07 02:50:00,233.8,1.4,0.82
2026-07-07 02:55:00,225.93,1.67,0.8
2026-07-07 03:00:00,226.37,0.96,0.87
2026-07-07 03:05:00,229.66,1.41,0.85
2026-07-07 03:10:00,232.93,1.76,0.85
2026-07-07 03:15:00,232.69,1.54,0.85
2026-07-07 03:20:00,232.19,1.69,0.86
2026-07-07 03:25:00,233.85,0.67,0.86
2026-07-07 03:30:00,225.52,1.57,0.85
2026-07-07 03:35:00,233.0,0.9,0.82
2026-07-07 03:40:00,232.99,1.41,0.87
2026-07-07 03:45:00,227.99,0.52,0.86
2026-07-07 03:50:00,234.03,1.13,0.87
2026-07-07 03:55:00,226.47,1.42,0.81
2026-07-07 04:00:00,226.56,1.06,0.82
2026-07-07 04:05:00,233.24,1.49,0.8
2026-07-07 04:10:00,234.3,0.76,0.83
2026-07-07 04:15:00,232.3,1.09,0.84
2026-07-07 04:20:00,230.7,1.74,0.81
2026-07-07 04:25:00,227.18,1.32,0.84
2026-07-07 04:30:00,234.45,1.12,0.84
2026-07-07 04:35:00,226.73,0.54,0.81
2026-07-07 04:40:00,228.47,0.84,0.81
2026-07-07 04:45:00,229.38,0.76,0.86
2026-07-07 04:50:00,230.69,0.85,0.82
2026-07-07 04:55:00,226.37,1.19,0.85
2026-07-07 05:00:00,226.36,1.46,0.8
2026-07-07 05:05:00,228.73,0.99,0.82
2026-07-07 05:10:00,229.48,1.06,0.88
2026-07-07 05:15:00,233.15,1.25,0.83
2026-07-07 05:20:00,233.96,0.49,0.8
2026-07-07 05:25:00,228.15,1.5,0.84
2026-07-07 05:30:00,234.84,0.47,0.82
2026-07-07 05:35:00,226.91,0.46,0.83
2026-07-07 05:40:00,234.65,1.03,0.81
2026-07-07 05:45:00,227.31,1.06,0.8
2026-07-07 05:50:00,229.61,1.6,0.87
2026-07-07 05:55:00,225.04,1.26,0.86
2026-07-07 06:00:00,232.02,1.06,0.87
2026-07-07 06:05:00,231.1,1.64,0.82
2026-07-07 06:10:00,225.13,0.9,0.85
2026-07-07 06:15:00,233.24,1.75,0.87
2026-07-07 06:20:00,232.38,0.69,0.84
2026-07-07 06:25:00,231.56,1.22,0.82
2026-07-07 06:30:00,227.67,0.92,0.83
2026-07-07 06:35:00,230.85,1.35,0.81
2026-07-07 06:40:00,228.23,1.59,0.87
2026-07-07 06:45:00,233.88,1.0,0.86
2026-07-07 06:50:00,232.28,1.38,0.81
2026-07-07 06:55:00,225.3,0.64,0.82
2026-07-07 07:00:00,230.22,0.9,0.8
2026-07-07 07:05:00,231.03,0.43,0.83
2026-07-07 07:10:00,230.68,1.39,0.87
2026-07-07 07:15:00,232.56,1.27,0.86
2026-07-07 07:20:00,234.91,1.74,0.86
2026-07-07 07:25:00,226.11,0.48,0.88
2026-07-07 07:30:00,230.64,0.47,0.86
2026-07-07 07:35:00,230.48,1.15,0.85
2026-07-07 07:40:00,226.38,1.72,0.87
2026-07-07 07:45:00,229.27,1.09,0.82
2026-07-07 07:50:00,227.5,0.73,0.82
2026-07-07 07:55:00,229.97,1.49,0.85
2026-07-07 08:00:00,227.03,1.02,0.83
2026-07-07 08:05:00,227.56,1.24,0.85
2026-07-07 08:10:00,225.22,1.01,0.87
2026-07-07 08:15:00,226.99,0.55,0.85
2026-07-07 08:20:00,231.38,0.83,0.85
2026-07-07 08:25:00,233.94,1.23,0.88
2026-07-07 08:30:00,230.65,1.33,0.84
2026-07-07 08:35:00,234.52,1.69,0.88
2026-07-07 08:40:00,226.72,1.07,0.87
2026-07-07 08:45:00,225.65,0.78,0.84
2026-07-07 08:50:00,227.25,1.33,0.88
2026-07-07 08:55:00,234.93,1.75,0.86
2026-07-07 09:00:00,225.44,1.43,0.85
2026-07-07 09:05:00,232.59,1.7,0.8
2026-07-07 09:10:00,227.36,1.04,0.84
2026-07-07 09:15:00,234.04,1.26,0.82
2026-07-07 09:20:00,230.99,1.51,0.81
2026-07-07 09:25:00,232.4,1.68,0.85
2026-07-07 09:30:00,225.24,0.81,0.87
2026-07-07 09:35:00,231.92,1.32,0.88
2026-07-07 09:40:00,225.63,0.44,0.85
2026-07-07 09:45:00,227.37,0.51,0.88
2026-07-07 09:50:00,234.96,1.0,0.83
2026-07-07 09:55:00,228.21,1.65,0.82
2026-07-07 10:00:00,233.93,9.92,0.93
2026-07-07 10:05:00,225.69,9.45,0.92
2026-07-07 10:10:00,226.72,7.09,0.97
2026-07-07 10:15:00,226.18,5.63,0.95
2026-07-07 10:20:00,230.69,9.58,0.97
2026-07-07 10:25:00,226.24,5.05,0.93
2026-07-07 10:30:00,231.76,5.22,0.95
2026-07-07 10:35:00,230.12,9.25,0.95
2026-07-07 10:40:00,230.05,6.79,0.97
2026-07-07 10:45:00,233.24,7.46,0.93
2026-07-07 10:50:00,226.33,5.91,0.96
2026-07-07 10:55:00,233.21,6.48,0.95
2026-07-07 11:00:00,225.61,6.28,0.96
2026-07-07 11:05:00,231.78,8.57,0.97
2026-07-07 11:10:00,229.45,5.83,0.93
2026-07-07 11:15:00,231.21,6.71,0.93
2026-07-07 11:20:00,227.68,9.81,0.97
2026-07-07 11:25:00,230.95,4.14,0.96
2026-07-07 11:30:00,229.58,6.13,0.96
2026-07-07 11:35:00,230.09,4.21,0.98
2026-07-07 11:40:00,225.97,4.37,0.97
2026-07-07 11:45:00,230.31,4.23,0.96
2026-07-07 11:50:00,234.05,5.17,0.94
2026-07-07 11:55:00,233.69,5.82,0.96
2026-07-07 12:00:00,228.04,9.49,0.94
2026-07-07 12:05:00,229.65,7.7,0.93
2026-07-07 12:10:00,226.32,7.13,0.97
2026-07-07 12:15:00,226.19,8.03,0.94
2026-07-07 12:20:00,231.24,6.03,0.94
2026-07-07 12:25:00,230.79,4.59,0.93
2026-07-07 12:30:00,228.51,7.15,0.94
2026-07-07 12:35:00,225.51,5.25,0.95
2026-07-07 12:40:00,232.84,7.45,0.92
2026-07-07 12:45:00,232.88,8.81,0.92
2026-07-07 12:50:00,232.32,9.0,0.98
2026-07-07 12:55:00,226.39,8.1,0.94
2026-07-07 13:00:00,233.19,7.17,0.92
2026-07-07 13:05:00,227.86,8.57,0.92
2026-07-07 13:10:00,232.91,9.26,0.95
2026-07-07 13:15:00,225.28,7.48,0.97
2026-07-07 13:20:00,231.05,7.08,0.96
2026-07-07 13:25:00,226.39,9.04,0.94
2026-07-07 13:30:00,229.33,4.44,0.96
2026-07-07 13:35:00,230.37,4.44,0.93
2026-07-07 13:40:00,229.61,5.11,0.96
2026-07-07 13:45:00,234.16,4.16,0.94
2026-07-07 13:50:00,234.76,5.27,0.95
2026-07-07 13:55:00,227.17,5.24,0.92
2026-07-07 14:00:00,225.36,7.6,0.96
2026-07-07 14:05:00,230.56,8.18,0.98
2026-07-07 14:10:00,234.55,7.0,0.97
2026-07-07 14:15:00,226.65,7.28,0.94
2026-07-07 14:20:00,234.4,4.46,0.96
2026-07-07 14:25:00,228.88,5.61,0.94
2026-07-07 14:30:00,234.98,8.52,0.94
2026-07-07 14:35:00,226.43,9.79,0.94
2026-07-07 14:40:00,229.83,6.24,0.96
2026-07-07 14:45:00,225.9,4.49,0.95
2026-07-07 14:50:00,228.83,4.17,0.97
2026-07-07 14:55:00,233.55,4.45,0.93
2026-07-07 15:00:00,233.08,5.5,0.94
2026-07-07 15:05:00,233.61,6.39,0.97
2026-07-07 15:10:00,225.05,6.92,0.96
2026-07-07 15:15:00,234.6,6.13,0.95
2026-07-07 15:20:00,233.93,5.75,0.92
2026-07-07 15:25:00,232.31,7.6,0.96
2026-07-07 15:30:00,230.24,9.24,0.98
2026-07-07 15:35:00,231.79,6.36,0.93
2026-07-07 15:40:00,226.86,7.8,0.96
2026-07-07 15:45:00,227.45,6.31,0.93
2026-07-07 15:50:00,225.35,9.53,0.94
2026-07-07 15:55:00,231.78,9.94,0.93
2026-07-07 16:00:00,226.94,5.8,0.94
2026-07-07 16:05:00,227.83,5.9,0.92
2026-07-07 16:10:00,229.95,4.9,0.94
2026-07-07 16:15:00,226.15,7.1,0.96
2026-07-07 16:20:00,233.09,6.14,0.94
2026-07-07 16:25:00,225.99,9.91,0.94
2026-07-07 16:30:00,231.86,8.61,0.95
2026-07-07 16:35:00,230.16,6.09,0.95
2026-07-07 16:40:00,233.06,6.29,0.97
2026-07-07 16:45:00,233.88,7.87,0.94
2026-07-07 16:50:00,233.04,5.64,0.94
2026-07-07 16:55:00,225.03,9.78,0.95
2026-07-07 17:00:00,229.83,5.73,0.93
2026-07-07 17:05:00,231.94,9.22,0.93
2026-07-07 17:10:00,229.35,8.5,0.93
2026-07-07 17:15:00,230.29,5.33,0.94
2026-07-07 17:20:00,231.91,7.91,0.98
2026-07-07 17:25:00,230.89,8.28,0.96
2026-07-07 17:30:00,227.11,7.78,0.95
2026-07-07 17:35:00,233.86,4.9,0.95
2026-07-07 17:40:00,232.02,9.98,0.96
2026-07-07 17:45:00,231.98,5.55,0.95
2026-07-07 17:50:00,228.74,4.49,0.93
2026-07-07 17:55:00,225.43,4.77,0.94
2026-07-07 18:00:00,225.0,9.37,0.93
2026-07-07 18:05:00,225.54,5.55,0.96
2026-07-07 18:10:00,231.49,9.85,0.97
2026-07-07 18:15:00,227.42,9.39,0.95
2026-07-07 18:20:00,230.55,6.31,0.96
2026-07-07 18:25:00,231.55,4.36,0.96
2026-07-07 18:30:00,234.04,4.12,0.94
2026-07-07 18:35:00,232.0,4.04,0.93
2026-07-07 18:40:00,230.26,6.85,0.96
2026-07-07 18:45:00,231.57,8.53,0.95
2026-07-07 18:50:00,228.29,7.33,0.97
2026-07-07 18:55:00,226.09,9.06,0.94
2026-07-07 19:00:00,227.16,3.32,0.91
2026-07-07 19:05:00,228.09,5.09,0.9
2026-07-07 19:10:00,234.93,2.99,0.89
2026-07-07 19:15:00,232.38,4.73,0.88
2026-07-07 19:20:00,232.89,5.45,0.91
2026-07-07 19:25:00,234.22,4.46,0.89
2026-07-07 19:30:00,229.82,3.01,0.91
2026-07-07 19:35:00,233.86,4.66,0.94
2026-07-07 19:40:00,229.77,4.52,0.89
2026-07-07 19:45:00,227.31,3.98,0.94
2026-07-07 19:50:00,225.51,3.17,0.93
2026-07-07 19:55:00,227.04,5.46,0.9
2026-07-07 20:00:00,229.97,3.49,0.89
2026-07-07 20:05:00,230.8,3.66,0.88
2026-07-07 20:10:00,227.61,4.39,0.9
2026-07-07 20:15:00,231.35,2.78,0.89
2026-07-07 20:20:00,225.44,4.1,0.91
2026-07-07 20:25:00,234.77,2.57,0.91
2026-07-07 20:30:00,227.34,2.72,0.89
2026-07-07 20:35:00,227.36,5.31,0.91
2026-07-07 20:40:00,225.45,4.33,0.92
2026-07-07 20:45:00,233.02,3.5,0.89
2026-07-07 20:50:00,225.3,3.94,0.91
2026-07-07 20:55:00,230.27,2.83,0.88
2026-07-07 21:00:00,233.65,2.64,0.93
2026-07-07 21:05:00,233.84,3.8,0.9
2026-07-07 21:10:00,226.6,4.27,0.93
2026-07-07 21:15:00,228.86,4.6,0.93
2026-07-07 21:20:00,226.49,5.51,0.88
2026-07-07 21:25:00,227.63,4.15,0.93
2026-07-07 21:30:00,233.69,3.26,0.9
2026-07-07 21:35:00,233.28,3.95,0.94
2026-07-07 21:40:00,225.59,5.82,0.93
2026-07-07 21:45:00,226.91,3.17,0.89
2026-07-07 21:50:00,234.72,3.79,0.92
2026-07-07 21:55:00,230.81,2.92,0.9
2026-07-07 22:00:00,226.29,4.34,0.93
2026-07-07 22:05:00,230.67,4.1,0.92
2026-07-07 22:10:00,230.83,3.77,0.91
2026-07-07 22:15:00,229.01,5.92,0.92
2026-07-07 22:20:00,225.97,4.3,0.92
2026-07-07 22:25:00,226.81,4.33,0.9
2026-07-07 22:30:00,231.25,3.27,0.9
2026-07-07 22:35:00,233.71,2.53,0.9
2026-07-07 22:40:00,230.82,3.81,0.88
2026-07-07 22:45:00,225.82,3.16,0.91
2026-07-07 22:50:00,232.31,5.44,0.92
2026-07-07 22:55:00,225.01,5.99,0.93
2026-07-07 23:00:00,225.4,2.7,0.88
2026-07-07 23:05:00,233.26,3.83,0.93
2026-07-07 23:10:00,231.36,5.13,0.94
2026-07-07 23:15:00,227.8,5.34,0.92
2026-07-07 23:20:00,228.32,4.67,0.88
2026-07-07 23:25:00,233.81,5.34,0.9
2026-07-07 23:30:00,226.74,2.63,0.9
2026-07-07 23:35:00,225.52,3.66,0.9
2026-07-07 23:40:00,228.39,4.4,0.88
2026-07-07 23:45:00,230.5,5.87,0.9
2026-07-07 23:50:00,225.91,3.28,0.88
2026-07-07 23:55:00,227.21,5.03,0.92
2026-07-08 00:00:00,225.03,1.19,0.83
2026-07-08 00:05:00,232.98,0.71,0.85
2026-07-08 00:10:00,229.56,1.24,0.83
2026-07-08 00:15:00,232.97,1.1,0.82
2026-07-08 00:20:00,230.66,0.81,0.85
2026-07-08 00:25:00,234.89,1.78,0.87
2026-07-08 00:30:00,230.88,0.98,0.81
2026-07-08 00:35:00,225.24,1.6,0.85
2026-07-08 00:40:00,229.08,0.94,0.85
2026-07-08 00:45:00,231.08,1.2,0.83
2026-07-08 00:50:00,225.17,1.54,0.87
2026-07-08 00:55:00,230.41,1.09,0.83
2026-07-08 01:00:00,225.37,0.96,0.83
2026-07-08 01:05:00,233.96,1.03,0.85
2026-07-08 01:10:00,227.98,0.76,0.85
2026-07-08 01:15:00,230.62,0.77,0.8
2026-07-08 01:20:00,230.59,1.61,0.83
2026-07-08 01:25:00,232.34,1.08,0.85
2026-07-08 01:30:00,227.69,1.63,0.85
2026-07-08 01:35:00,228.71,1.07,0.85
2026-07-08 01:40:00,232.51,1.19,0.84
2026-07-08 01:45:00,226.01,1.32,0.84
2026-07-08 01:50:00,231.77,1.07,0.84
2026-07-08 01:55:00,228.16,1.0,0.84
2026-07-08 02:00:00,228.17,1.57,0.82
2026-07-08 02:05:00,227.9,1.09,0.82
2026-07-08 02:10:00,233.06,1.72,0.84
2026-07-08 02:15:00,229.54,0.58,0.84
2026-07-08 02:20:00,225.12,0.45,0.85
2026-07-08 02:25:00,226.6,0.57,0.87
2026-07-08 02:30:00,225.37,1.16,0.86
2026-07-08 02:35:00,233.36,0.49,0.83
2026-07-08 02:40:00,230.23,0.65,0.81
2026-07-08 02:45:00,228.48,0.75,0.87
2026-07-08 02:50:00,228.89,1.12,0.82
2026-07-08 02:55:00,231.19,1.42,0.86
2026-07-08 03:00:00,225.36,0.77,0.82
2026-07-08 03:05:00,233.43,0.68,0.87
2026-07-08 03:10:00,225.79,0.57,0.84
2026-07-08 03:15:00,225.59,1.65,0.85
2026-07-08 03:20:00,226.68,0.78,0.87
2026-07-08 03:25:00,232.89,0.75,0.84
2026-07-08 03:30:00,228.39,1.35,0.86
2026-07-08 03:35:00,231.45,0.78,0.8
2026-07-08 03:40:00,228.68,1.07,0.84
2026-07-08 03:45:00,230.58,1.55,0.86
2026-07-08 03:50:00,227.4,1.45,0.8
2026-07-08 03:55:00,232.67,0.98,0.83
2026-07-08 04:00:00,234.94,1.12,0.84
2026-07-08 04:05:00,225.57,0.63,0.88
2026-07-08 04:10:00,233.79,1.29,0.8
2026-07-08 04:15:00,229.95,1.58,0.87
2026-07-08 04:20:00,226.66,1.55,0.84
2026-07-08 04:25:00,229.7,1.69,0.87
2026-07-08 04:30:00,232.71,1.32,0.87
2026-07-08 04:35:00,227.94,0.78,0.82
2026-07-08 04:40:00,228.02,0.44,0.83
2026-07-08 04:45:00,228.76,1.77,0.86
2026-07-08 04:50:00,227.87,0.85,0.84
2026-07-08 04:55:00,232.39,1.32,0.88
2026-07-08 05:00:00,227.56,0.82,0.8
2026-07-08 05:05:00,226.34,0.57,0.86
2026-07-08 05:10:00,233.41,1.6,0.83
2026-07-08 05:15:00,229.22,1.37,0.83
2026-07-08 05:20:00,234.79,1.11,0.81
2026-07-08 05:25:00,233.23,0.97,0.85
2026-07-08 05:30:00,231.86,1.77,0.85
2026-07-08 05:35:00,232.81,1.2,0.82
2026-07-08 05:40:00,233.52,1.13,0.86
2026-07-08 05:45:00,230.41,1.07,0.84
2026-07-08 05:50:00,225.22,1.38,0.83
2026-07-08 05:55:00,233.59,1.3,0.85
2026-07-08 06:00:00,233.56,0.96,0.84
2026-07-08 06:05:00,225.71,1.46,0.88
2026-07-08 06:10:00,231.69,0.95,0.87
2026-07-08 06:15:00,225.14,1.21,0.84
2026-07-08 06:20:00,229.0,1.69,0.82
2026-07-08 06:25:00,232.73,0.86,0.83
2026-07-08 06:30:00,228.34,0.94,0.85
2026-07-08 06:35:00,230.01,1.05,0.81
2026-07-08 06:40:00,225.98,1.23,0.81
2026-07-08 06:45:00,231.01,0.59,0.82
2026-07-08 06:50:00,227.71,1.52,0.83
2026-07-08 06:55:00,226.71,0.62,0.84
2026-07-08 07:00:00,226.14,0.68,0.84
2026-07-08 07:05:00,234.07,1.09,0.8
2026-07-08 07:10:00,227.86,1.45,0.83
2026-07-08 07:15:00,228.25,1.67,0.84
2026-07-08 07:20:00,225.06,0.71,0.83
2026-07-08 07:25:00,229.33,1.38,0.85
2026-07-08 07:30:00,234.95,1.21,0.87
2026-07-08 07:35:00,232.1,1.09,0.83
2026-07-08 07:40:00,229.71,0.42,0.84
2026-07-08 07:45:00,225.54,0.79,0.86
2026-07-08 07:50:00,227.54,0.44,0.82
2026-07-08 07:55:00,227.69,1.18,0.85
2026-07-08 08:00:00,234.46,0.73,0.83
2026-07-08 08:05:00,230.63,1.21,0.82
2026-07-08 08:10:00,234.1,1.74,0.88
2026-07-08 08:15:00,232.8,0.58,0.87
2026-07-08 08:20:00,233.36,0.4,0.84
2026-07-08 08:25:00,226.52,0.93,0.85
2026-07-08 08:30:00,233.13,1.64,0.83
2026-07-08 08:35:00,229.95,0.87,0.81
2026-07-08 08:40:00,233.75,0.69,0.84
2026-07-08 08:45:00,230.92,1.34,0.85
2026-07-08 08:50:00,234.49,1.56,0.84
2026-07-08 08:55:00,231.67,1.68,0.8
2026-07-08 09:00:00,228.59,1.12,0.82
2026-07-08 09:05:00,232.39,1.5,0.86
2026-07-08 09:10:00,232.66,1.41,0.84
2026-07-08 09:15:00,227.25,1.56,0.81
2026-07-08 09:20:00,230.24,0.93,0.83
2026-07-08 09:25:00,225.22,0.82,0.85
2026-07-08 09:30:00,228.14,1.39,0.88
2026-07-08 09:35:00,228.74,1.77,0.83
2026-07-08 09:40:00,234.78,1.67,0.86
2026-07-08 09:45:00,233.77,1.35,0.84
2026-07-08 09:50:00,228.93,1.23,0.84
2026-07-08 09:55:00,233.71,1.54,0.87
2026-07-08 10:00:00,230.72,7.14,0.97
2026-07-08 10:05:00,230.22,4.29,0.95
2026-07-08 10:10:00,233.69,5.83,0.97
2026-07-08 10:15:00,229.28,8.23,0.97
2026-07-08 10:20:00,232.6,5.67,0.95
2026-07-08 10:25:00,231.69,9.46,0.95
2026-07-08 10:30:00,234.11,8.16,0.97
2026-07-08 10:35:00,227.34,7.8,0.94
2026-07-08 10:40:00,226.01,8.19,0.96
2026-07-08 10:45:00,233.86,4.76,0.96
2026-07-08 10:50:00,232.24,8.72,0.94
2026-07-08 10:55:00,231.63,5.92,0.93
2026-07-08 11:00:00,229.93,7.56,0.94
2026-07-08 11:05:00,225.57,4.44,0.95
2026-07-08 11:10:00,232.46,9.8,0.92
2026-07-08 11:15:00,229.96,5.57,0.93
2026-07-08 11:20:00,229.68,8.92,0.93
2026-07-08 11:25:00,233.36,4.11,0.95
2026-07-08 11:30:00,228.91,6.97,0.95
2026-07-08 11:35:00,232.33,9.06,0.97
2026-07-08 11:40:00,229.65,9.76,0.98
2026-07-08 11:45:00,231.43,5.26,0.95
2026-07-08 11:50:00,233.07,5.44,0.97
2026-07-08 11:55:00,225.52,8.22,0.93
2026-07-08 12:00:00,231.92,5.75,0.96
2026-07-08 12:05:00,234.74,5.79,0.97
2026-07-08 12:10:00,234.54,9.57,0.94
2026-07-08 12:15:00,229.02,4.76,0.95
2026-07-08 12:20:00,228.74,6.43,0.95
2026-07-08 12:25:00,228.94,5.04,0.96
2026-07-08 12:30:00,229.61,4.33,0.96
2026-07-08 12:35:00,230.7,7.24,0.97
2026-07-08 12:40:00,231.74,8.8,0.95
2026-07-08 12:45:00,232.39,6.58,0.93
2026-07-08 12:50:00,232.75,6.29,0.97
2026-07-08 12:55:00,226.21,9.38,0.97
2026-07-08 13:00:00,228.01,5.38,0.97
2026-07-08 13:05:00,227.54,9.79,0.97
2026-07-08 13:10:00,232.43,6.95,0.94
2026-07-08 13:15:00,232.29,8.47,0.94
2026-07-08 13:20:00,227.07,7.81,0.97
2026-07-08 13:25:00,233.36,5.0,0.96
2026-07-08 13:30:00,233.68,4.72,0.98
2026-07-08 13:35:00,228.6,6.87,0.94
2026-07-08 13:40:00,232.31,8.4,0.96
2026-07-08 13:45:00,229.68,9.74,0.96
2026-07-08 13:50:00,225.01,4.31,0.93
2026-07-08 13:55:00,233.12,6.34,0.96
2026-07-08 14:00:00,226.31,7.79,0.95
2026-07-08 14:05:00,227.47,5.26,0.93
2026-07-08 14:10:00,228.12,7.4,0.95
2026-07-08 14:15:00,227.51,8.13,0.94
2026-07-08 14:20:00,231.08,4.47,0.92
2026-07-08 14:25:00,228.39,8.55,0.93
2026-07-08 14:30:00,226.11,8.54,0.93
2026-07-08 14:35:00,232.48,4.81,0.95
2026-07-08 14:40:00,233.27,5.85,0.92
2026-07-08 14:45:00,226.27,7.48,0.96
2026-07-08 14:50:00,228.58,6.41,0.96
2026-07-08 14:55:00,225.47,6.27,0.93
2026-07-08 15:00:00,232.81,9.1,0.93
2026-07-08 15:05:00,232.09,8.15,0.94
2026-07-08 15:10:00,227.37,4.22,0.93
2026-07-08 15:15:00,232.91,5.3,0.92
2026-07-08 15:20:00,227.28,7.23,0.96
2026-07-08 15:25:00,226.06,9.4,0.92
2026-07-08 15:30:00,226.99,4.53,0.92
2026-07-08 15:35:00,231.99,5.71,0.98
2026-07-08 15:40:00,229.73,8.67,0.95
2026-07-08 15:45:00,233.42,9.98,0.93
2026-07-08 15:50:00,229.75,6.53,0.97
2026-07-08 15:55:00,232.58,6.46,0.98
2026-07-08 16:00:00,231.64,4.58,0.93
2026-07-08 16:05:00,229.76,5.21,0.94
2026-07-08 16:10:00,225.52,7.89,0.95
2026-07-08 16:15:00,225.52,8.48,0.96
2026-07-08 16:20:00,231.61,5.49,0.95
2026-07-08 16:25:00,225.45,6.12,0.92
2026-07-08 16:30:00,231.55,9.26,0.94
2026-07-08 16:35:00,229.49,9.38,0.97
2026-07-08 16:40:00,225.32,6.46,0.95
2026-07-08 16:45:00,226.85,9.44,0.97
2026-07-08 16:50:00,230.63,4.41,0.96
2026-07-08 16:55:00,234.26,4.05,0.95
2026-07-08 17:00:00,231.7,7.01,0.97
2026-07-08 17:05:00,234.68,5.52,0.96
2026-07-08 17:10:00,230.26,8.43,0.96
2026-07-08 17:15:00,232.42,4.44,0.95
2026-07-08 17:20:00,227.77,9.66,0.93
2026-07-08 17:25:00,233.09,4.62,0.94
2026-07-08 17:30:00,227.76,7.01,0.95
2026-07-08 17:35:00,231.1,5.21,0.95
2026-07-08 17:40:00,234.48,9.59,0.95
2026-07-08 17:45:00,229.5,9.17,0.95
2026-07-08 17:50:00,234.11,9.7,0.94
2026-07-08 17:55:00,226.55,5.06,0.94
2026-07-08 18:00:00,225.79,8.45,0.93
2026-07-08 18:05:00,226.52,4.34,0.96
2026-07-08 18:10:00,233.7,6.32,0.94
2026-07-08 18:15:00,233.59,8.34,0.94
2026-07-08 18:20:00,232.97,8.55,0.93
2026-07-08 18:25:00,233.37,7.17,0.93
2026-07-08 18:30:00,230.42,5.43,0.94
2026-07-08 18:35:00,229.53,6.88,0.97
2026-07-08 18:40:00,226.81,8.69,0.96
2026-07-08 18:45:00,229.98,6.85,0.97
2026-07-08 18:50:00,233.96,8.91,0.96
2026-07-08 18:55:00,225.1,4.83,0.95
2026-07-08 19:00:00,226.78,3.79,0.88
2026-07-08 19:05:00,233.09,4.99,0.93
2026-07-08 19:10:00,233.83,3.08,0.91
2026-07-08 19:15:00,234.82,3.96,0.91
2026-07-08 19:20:00,232.88,3.94,0.9
2026-07-08 19:25:00,225.71,3.65,0.89
2026-07-08 19:30:00,225.88,2.93,0.93
2026-07-08 19:35:00,234.43,5.19,0.93
2026-07-08 19:40:00,233.3,4.52,0.9
2026-07-08 19:45:00,226.89,2.92,0.94
2026-07-08 19:50:00,227.13,5.72,0.89
2026-07-08 19:55:00,230.22,5.41,0.9
2026-07-08 20:00:00,233.19,5.66,0.89
2026-07-08 20:05:00,233.42,3.4,0.92
2026-07-08 20:10:00,232.57,5.87,0.93
2026-07-08 20:15:00,233.77,2.79,0.91
2026-07-08 20:20:00,233.6,3.61,0.93
2026-07-08 20:25:00,233.64,5.63,0.93
2026-07-08 20:30:00,229.07,4.17,0.93
2026-07-08 20:35:00,233.51,4.41,0.92
2026-07-08 20:40:00,231.62,4.81,0.9
2026-07-08 20:45:00,229.7,5.48,0.93
2026-07-08 20:50:00,231.84,2.52,0.88
2026-07-08 20:55:00,225.05,5.48,0.9
2026-07-08 21:00:00,227.8,3.04,0.91
2026-07-08 21:05:00,232.69,3.73,0.94
2026-07-08 21:10:00,232.63,5.49,0.93
2026-07-08 21:15:00,231.72,2.86,0.88
2026-07-08 21:20:00,227.78,4.96,0.94
2026-07-08 21:25:00,231.11,5.23,0.9
2026-07-08 21:30:00,230.99,3.22,0.9
2026-07-08 21:35:00,226.88,5.42,0.89
2026-07-08 21:40:00,230.29,2.6,0.93
2026-07-08 21:45:00,231.76,5.31,0.94
2026-07-08 21:50:00,233.32,3.93,0.91
2026-07-08 21:55:00,234.97,4.76,0.92
2026-07-08 22:00:00,229.03,5.21,0.92
2026-07-08 22:05:00,230.46,5.9,0.89
2026-07-08 22:10:00,231.11,4.69,0.91
2026-07-08 22:15:00,225.53,5.53,0.89
2026-07-08 22:20:00,225.46,5.51,0.91
2026-07-08 22:25:00,231.38,4.72,0.91
2026-07-08 22:30:00,234.63,4.05,0.89
2026-07-08 22:35:00,229.49,4.94,0.91
2026-07-08 22:40:00,228.47,2.74,0.92
2026-07-08 22:45:00,227.58,5.97,0.91
2026-07-08 22:50:00,233.11,4.29,0.92
2026-07-08 22:55:00,229.17,4.88,0.91
2026-07-08 23:00:00,230.22,4.12,0.91
2026-07-08 23:05:00,225.14,5.59,0.92
2026-07-08 23:10:00,227.63,5.49,0.89
2026-07-08 23:15:00,225.91,5.78,0.92
2026-07-08 23:20:00,232.4,4.85,0.91
2026-07-08 23:25:00,232.32,3.34,0.92
2026-07-08 23:30:00,228.41,3.84,0.93
2026-07-08 23:35:00,231.67,2.85,0.89
2026-07-08 23:40:00,229.93,4.98,0.93
2026-07-08 23:45:00,225.41,3.94,0.94
2026-07-08 23:50:00,225.78,5.23,0.91
2026-07-08 23:55:00,230.35,4.55,0.91
2026-07-09 00:00:00,232.2,1.72,0.87
2026-07-09 00:05:00,233.71,1.6,0.83
2026-07-09 00:10:00,232.67,0.73,0.88
2026-07-09 00:15:00,229.46,1.42,0.84
2026-07-09 00:20:00,233.49,1.56,0.81
2026-07-09 00:25:00,229.61,1.58,0.84
2026-07-09 00:30:00,229.3,1.56,0.85
2026-07-09 00:35:00,230.42,1.65,0.86
2026-07-09 00:40:00,225.71,1.35,0.84
2026-07-09 00:45:00,225.12,1.11,0.81
2026-07-09 00:50:00,230.77,0.51,0.84
2026-07-09 00:55:00,228.57,1.58,0.87
2026-07-09 01:00:00,225.77,1.79,0.83
2026-07-09 01:05:00,231.23,0.69,0.82
2026-07-09 01:10:00,231.26,1.4,0.83
2026-07-09 01:15:00,232.59,0.99,0.83
2026-07-09 01:20:00,231.58,0.47,0.83
2026-07-09 01:25:00,227.21,1.04,0.85
2026-07-09 01:30:00,234.58,1.31,0.84
2026-07-09 01:35:00,229.97,0.84,0.82
2026-07-09 01:40:00,231.36,0.71,0.86
2026-07-09 01:45:00,227.7,0.73,0.81
2026-07-09 01:50:00,234.3,0.95,0.87
2026-07-09 01:55:00,228.39,0.46,0.86
2026-07-09 02:00:00,233.3,1.09,0.86
2026-07-09 02:05:00,227.92,1.18,0.81
2026-07-09 02:10:00,225.66,0.75,0.81
2026-07-09 02:15:00,232.12,0.61,0.83
2026-07-09 02:20:00,234.04,1.45,0.82
2026-07-09 02:25:00,229.12,0.58,0.84
2026-07-09 02:30:00,231.11,1.74,0.83
2026-07-09 02:35:00,227.32,0.88,0.84
2026-07-09 02:40:00,226.08,0.58,0.82
2026-07-09 02:45:00,226.02,1.48,0.82
2026-07-09 02:50:00,228.04,0.44,0.83
2026-07-09 02:55:00,225.3,1.15,0.82
2026-07-09 03:00:00,226.47,1.4,0.85
2026-07-09 03:05:00,230.9,1.14,0.83
2026-07-09 03:10:00,231.78,0.52,0.83
2026-07-09 03:15:00,233.03,1.06,0.86
2026-07-09 03:20:00,226.11,0.6,0.88
2026-07-09 03:25:00,231.8,0.42,0.86
2026-07-09 03:30:00,229.4,0.7,0.81
2026-07-09 03:35:00,231.98,1.79,0.81
2026-07-09 03:40:00,225.07,0.95,0.84
2026-07-09 03:45:00,230.97,1.29,0.85
2026-07-09 03:50:00,234.28,1.13,0.83
2026-07-09 03:55:00,232.95,1.4,0.84
2026-07-09 04:00:00,229.75,1.4,0.81
2026-07-09 04:05:00,234.62,0.96,0.87
2026-07-09 04:10:00,230.98,0.65,0.85
2026-07-09 04:15:00,229.79,1.26,0.85
2026-07-09 04:20:00,232.79,0.96,0.81
2026-07-09 04:25:00,232.29,0.61,0.82
2026-07-09 04:30:00,230.45,1.48,0.81
2026-07-09 04:35:00,234.49,1.06,0.84
2026-07-09 04:40:00,231.38,0.71,0.81
2026-07-09 04:45:00,234.28,0.45,0.83
2026-07-09 04:50:00,232.89,1.1,0.88
2026-07-09 04:55:00,226.83,0.5,0.8
2026-07-09 05:00:00,229.73,0.77,0.8
2026-07-09 05:05:00,227.91,1.42,0.88
2026-07-09 05:10:00,227.94,0.53,0.84
2026-07-09 05:15:00,226.1,1.03,0.84
2026-07-09 05:20:00,228.38,1.79,0.88
2026-07-09 05:25:00,233.82,0.66,0.85
2026-07-09 05:30:00,231.36,0.44,0.86
2026-07-09 05:35:00,225.27,1.2,0.83
2026-07-09 05:40:00,225.49,1.06,0.87
2026-07-09 05:45:00,226.1,1.04,0.84
2026-07-09 05:50:00,232.73,1.71,0.81
2026-07-09 05:55:00,229.83,1.58,0.87
2026-07-09 06:00:00,232.09,1.45,0.82
2026-07-09 06:05:00,230.86,1.59,0.84
2026-07-09 06:10:00,225.94,1.79,0.82
2026-07-09 06:15:00,228.11,1.04,0.84
2026-07-09 06:20:00,228.59,1.72,0.84
2026-07-09 06:25:00,229.72,1.65,0.88
2026-07-09 06:30:00,233.34,0.69,0.85
2026-07-09 06:35:00,228.54,1.49,0.88
2026-07-09 06:40:00,227.78,1.2,0.86
2026-07-09 06:45:00,233.23,1.55,0.83
2026-07-09 06:50:00,234.92,1.45,0.83
2026-07-09 06:55:00,225.46,1.41,0.87
2026-07-09 07:00:00,225.87,0.51,0.85
2026-07-09 07:05:00,225.54,1.6,0.83
2026-07-09 07:10:00,230.39,0.62,0.86
2026-07-09 07:15:00,234.1,0.45,0.87
2026-07-09 07:20:00,233.0,1.3,0.84
2026-07-09 07:25:00,228.48,0.44,0.81
2026-07-09 07:30:00,225.85,0.49,0.87
2026-07-09 07:35:00,234.99,1.43,0.81
2026-07-09 07:40:00,232.5,0.7,0.86
2026-07-09 07:45:00,228.25,0.95,0.87
2026-07-09 07:50:00,229.02,0.91,0.86
2026-07-09 07:55:00,226.67,0.76,0.86
2026-07-09 08:00:00,232.46,1.0,0.87
2026-07-09 08:05:00,230.2,1.05,0.82
2026-07-09 08:10:00,226.01,1.07,0.87
2026-07-09 08:15:00,234.45,0.7,0.85
2026-07-09 08:20:00,233.39,1.14,0.87
2026-07-09 08:25:00,232.53,1.4,0.82
2026-07-09 08:30:00,233.1,0.78,0.87
2026-07-09 08:35:00,229.82,1.49,0.87
2026-07-09 08:40:00,234.54,0.94,0.81
2026-07-09 08:45:00,225.81,1.7,0.81
2026-07-09 08:50:00,230.32,1.75,0.8
2026-07-09 08:55:00,233.63,1.61,0.86
2026-07-09 09:00:00,232.68,0.55,0.82
2026-07-09 09:05:00,230.28,1.58,0.8
2026-07-09 09:10:00,232.74,0.72,0.86
2026-07-09 09:15:00,233.72,0.44,0.85
2026-07-09 09:20:00,232.52,1.43,0.88
2026-07-09 09:25:00,233.7,1.61,0.86
2026-07-09 09:30:00,232.76,1.47,0.86
2026-07-09 09:35:00,230.53,0.91,0.81
2026-07-09 09:40:00,230.54,1.03,0.86
2026-07-09 09:45:00,229.89,1.0,0.81
2026-07-09 09:50:00,231.59,1.75,0.81
2026-07-09 09:55:00,229.57,1.33,0.81
2026-07-09 10:00:00,228.11,8.03,0.93
2026-07-09 10:05:00,227.59,7.89,0.97
2026-07-09 10:10:00,231.67,4.27,0.97
2026-07-09 10:15:00,233.67,4.48,0.94
2026-07-09 10:20:00,233.06,5.3,0.92
2026-07-09 10:25:00,225.05,4.32,0.98
2026-07-09 10:30:00,229.49,5.81,0.96
2026-07-09 10:35:00,227.39,4.89,0.94
2026-07-09 10:40:00,231.11,7.27,0.95
2026-07-09 10:45:00,228.34,9.06,0.95
2026-07-09 10:50:00,228.89,9.06,0.92
2026-07-09 10:55:00,231.97,6.62,0.96
2026-07-09 11:00:00,227.9,6.51,0.97
2026-07-09 11:05:00,234.1,6.39,0.96
2026-07-09 11:10:00,229.85,4.13,0.93
2026-07-09 11:15:00,232.12,4.63,0.93
2026-07-09 11:20:00,234.62,9.32,0.93
2026-07-09 11:25:00,227.38,9.31,0.97
2026-07-09 11:30:00,232.49,4.04,0.94
2026-07-09 11:35:00,226.52,9.43,0.93
2026-07-09 11:40:00,233.98,6.16,0.95
2026-07-09 11:45:00,229.65,8.3,0.93
2026-07-09 11:50:00,232.14,8.5,0.92
2026-07-09 11:55:00,229.24,5.3,0.94
2026-07-09 12:00:00,226.9,9.59,0.98
2026-07-09 12:05:00,233.69,8.02,0.95
2026-07-09 12:10:00,232.14,7.91,0.97
2026-07-09 12:15:00,226.76,9.18,0.94
2026-07-09 12:20:00,227.38,9.59,0.93
2026-07-09 12:25:00,233.22,5.46,0.96
2026-07-09 12:30:00,226.89,7.16,0.94
2026-07-09 12:35:00,234.01,8.6,0.98
2026-07-09 12:40:00,229.53,7.53,0.93
2026-07-09 12:45:00,228.14,9.98,0.94
2026-07-09 12:50:00,230.35,5.4,0.93
2026-07-09 12:55:00,232.36,4.19,0.97
2026-07-09 13:00:00,234.62,4.09,0.96
2026-07-09 13:05:00,230.46,5.98,0.96
2026-07-09 13:10:00,233.24,6.76,0.93
2026-07-09 13:15:00,225.32,8.71,0.95
2026-07-09 13:20:00,231.79,5.22,0.97
2026-07-09 13:25:00,229.29,4.53,0.94
2026-07-09 13:30:00,234.98,6.09,0.94
2026-07-09 13:35:00,225.38,9.91,0.97
2026-07-09 13:40:00,229.63,9.07,0.94
2026-07-09 13:45:00,229.43,5.88,0.97
2026-07-09 13:50:00,233.29,8.71,0.98
2026-07-09 13:55:00,229.35,7.58,0.96
2026-07-09 14:00:00,231.3,5.92,0.94
2026-07-09 14:05:00,228.73,9.62,0.98
2026-07-09 14:10:00,233.26,4.11,0.97
2026-07-09 14:15:00,231.31,8.84,0.96
2026-07-09 14:20:00,234.31,8.21,0.94
2026-07-09 14:25:00,229.83,7.77,0.95
2026-07-09 14:30:00,232.28,5.17,0.95
2026-07-09 14:35:00,225.16,4.5,0.98
2026-07-09 14:40:00,229.01,6.88,0.94
2026-07-09 14:45:00,233.61,5.73,0.93
2026-07-09 14:50:00,226.58,8.12,0.93
2026-07-09 14:55:00,230.84,5.85,0.95
2026-07-09 15:00:00,230.88,4.35,0.93
2026-07-09 15:05:00,226.1,7.35,0.94
2026-07-09 15:10:00,233.75,7.54,0.94
2026-07-09 15:15:00,227.91,4.15,0.97
2026-07-09 15:20:00,230.73,8.46,0.93
2026-07-09 15:25:00,230.23,9.49,0.98
2026-07-09 15:30:00,226.52,6.0,0.98
2026-07-09 15:35:00,227.11,4.25,0.96
2026-07-09 15:40:00,231.11,5.79,0.96
2026-07-09 15:45:00,225.26,4.02,0.92
2026-07-09 15:50:00,229.71,8.39,0.96
2026-07-09 15:55:00,228.2,8.89,0.98
2026-07-09 16:00:00,226.2,6.37,0.97
2026-07-09 16:05:00,228.79,8.04,0.97
2026-07-09 16:10:00,227.89,4.29,0.96
2026-07-09 16:15:00,225.67,8.4,0.92
2026-07-09 16:20:00,225.27,5.78,0.93
2026-07-09 16:25:00,229.82,5.7,0.96
2026-07-09 16:30:00,232.27,8.45,0.96
2026-07-09 16:35:00,226.04,6.2,0.95
2026-07-09 16:40:00,226.32,7.89,0.98
2026-07-09 16:45:00,228.37,5.77,0.94
2026-07-09 16:50:00,231.81,6.68,0.95
2026-07-09 16:55:00,233.71,5.76,0.97
2026-07-09 17:00:00,233.95,5.33,0.95
2026-07-09 17:05:00,230.25,5.69,0.93
2026-07-09 17:10:00,233.42,6.54,0.95
2026-07-09 17:15:00,225.95,4.68,0.93
2026-07-09 17:20:00,229.89,8.63,0.94
2026-07-09 17:25:00,230.32,5.79,0.94
2026-07-09 17:30:00,228.71,5.78,0.94
2026-07-09 17:35:00,225.15,9.08,0.98
2026-07-09 17:40:00,232.41,9.36,0.96
2026-07-09 17:45:00,230.43,8.06,0.95
2026-07-09 17:50:00,231.38,7.73,0.93
2026-07-09 17:55:00,234.11,8.7,0.96
2026-07-09 18:00:00,231.32,8.11,0.97
2026-07-09 18:05:00,226.18,9.91,0.96
2026-07-09 18:10:00,229.06,9.39,0.95
2026-07-09 18:15:00,226.54,8.17,0.97
2026-07-09 18:20:00,234.38,6.98,0.96
2026-07-09 18:25:00,234.56,8.32,0.95
2026-07-09 18:30:00,233.15,5.22,0.92
2026-07-09 18:35:00,225.88,8.72,0.97
2026-07-09 18:40:00,228.72,8.53,0.94
2026-07-09 18:45:00,233.96,4.39,0.94
2026-07-09 18:50:00,227.74,5.45,0.95
2026-07-09 18:55:00,229.8,6.9,0.94
2026-07-09 19:00:00,229.47,5.17,0.89
2026-07-09 19:05:00,233.76,5.58,0.89
2026-07-09 19:10:00,227.72,5.22,0.88
2026-07-09 19:15:00,227.33,2.81,0.91
2026-07-09 19:20:00,234.47,2.66,0.91
2026-07-09 19:25:00,231.17,4.36,0.9
2026-07-09 19:30:00,227.65,3.58,0.9
2026-07-09 19:35:00,229.12,2.76,0.92
2026-07-09 19:40:00,230.66,4.08,0.91
2026-07-09 19:45:00,225.6,2.5,0.94
2026-07-09 19:50:00,231.78,4.91,0.92
2026-07-09 19:55:00,229.57,4.78,0.93
2026-07-09 20:00:00,234.49,4.89,0.88
2026-07-09 20:05:00,230.39,4.15,0.9
2026-07-09 20:10:00,233.73,5.22,0.9
2026-07-09 20:15:00,231.43,5.44,0.92
2026-07-09 20:20:00,225.81,3.03,0.91
2026-07-09 20:25:00,229.2,3.43,0.91
2026-07-09 20:30:00,232.37,3.54,0.9
2026-07-09 20:35:00,226.67,3.92,0.92
2026-07-09 20:40:00,232.3,3.84,0.93
2026-07-09 20:45:00,233.47,3.11,0.9
2026-07-09 20:50:00,232.4,3.68,0.89
2026-07-09 20:55:00,234.05,5.44,0.92
2026-07-09 21:00:00,228.89,3.67,0.94
2026-07-09 21:05:00,225.14,5.73,0.92
2026-07-09 21:10:00,229.63,4.41,0.91
2026-07-09 21:15:00,232.82,5.72,0.9
2026-07-09 21:20:00,228.27,5.21,0.92
2026-07-09 21:25:00,230.55,5.8,0.91
2026-07-09 21:30:00,234.81,5.08,0.91
2026-07-09 21:35:00,227.21,5.55,0.9
2026-07-09 21:40:00,234.71,5.89,0.9
2026-07-09 21:45:00,233.57,3.99,0.91
2026-07-09 21:50:00,231.69,3.44,0.91
2026-07-09 21:55:00,234.07,4.85,0.93
2026-07-09 22:00:00,232.7,3.9,0.88
2026-07-09 22:05:00,228.86,2.7,0.93
2026-07-09 22:10:00,229.49,4.1,0.94
2026-07-09 22:15:00,230.13,3.82,0.91
2026-07-09 22:20:00,231.04,2.91,0.89
2026-07-09 22:25:00,225.74,5.31,0.94
2026-07-09 22:30:00,230.5,4.49,0.92
2026-07-09 22:35:00,227.95,3.83,0.89
2026-07-09 22:40:00,228.3,5.61,0.89
2026-07-09 22:45:00,226.11,3.25,0.92
2026-07-09 22:50:00,227.87,5.12,0.94
2026-07-09 22:55:00,234.93,3.63,0.94
2026-07-09 23:00:00,232.64,5.05,0.89
2026-07-09 23:05:00,230.24,5.96,0.92
2026-07-09 23:10:00,230.53,3.75,0.89
2026-07-09 23:15:00,233.91,4.29,0.89
2026-07-09 23:20:00,234.9,4.83,0.91
2026-07-09 23:25:00,231.18,3.2,0.94
2026-07-09 23:30:00,226.42,2.56,0.92
2026-07-09 23:35:00,229.21,3.68,0.94
2026-07-09 23:40:00,226.65,4.58,0.93
2026-07-09 23:45:00,234.19,4.23,0.93
2026-07-09 23:50:00,228.43,3.02,0.92
2026-07-09 23:55:00,228.56,3.78,0.91
2026-07-10 00:00:00,225.84,1.25,0.85
2026-07-10 00:05:00,232.08,1.35,0.81
2026-07-10 00:10:00,225.28,0.61,0.82
2026-07-10 00:15:00,227.46,1.76,0.83
2026-07-10 00:20:00,230.02,0.8,0.86
2026-07-10 00:25:00,231.83,1.09,0.81
2026-07-10 00:30:00,230.43,0.73,0.81
2026-07-10 00:35:00,227.05,0.79,0.82
2026-07-10 00:40:00,230.59,1.55,0.81
2026-07-10 00:45:00,234.05,0.75,0.82
2026-07-10 00:50:00,229.85,1.78,0.84
2026-07-10 00:55:00,231.13,1.17,0.88
2026-07-10 01:00:00,226.69,0.8,0.85
2026-07-10 01:05:00,229.4,1.65,0.82
2026-07-10 01:10:00,228.08,1.09,0.83
2026-07-10 01:15:00,225.34,1.35,0.85
2026-07-10 01:20:00,232.32,0.82,0.87
2026-07-10 01:25:00,232.21,0.58,0.87
2026-07-10 01:30:00,232.02,1.05,0.88
2026-07-10 01:35:00,227.55,0.59,0.86
2026-07-10 01:40:00,227.05,0.98,0.86
2026-07-10 01:45:00,231.92,0.65,0.84
2026-07-10 01:50:00,232.21,0.47,0.8
2026-07-10 01:55:00,233.55,0.99,0.81
2026-07-10 02:00:00,232.6,1.62,0.88
2026-07-10 02:05:00,230.43,0.78,0.86
2026-07-10 02:10:00,230.62,1.64,0.88
2026-07-10 02:15:00,226.81,0.72,0.83
2026-07-10 02:20:00,230.66,0.56,0.81
2026-07-10 02:25:00,231.09,1.49,0.87
2026-07-10 02:30:00,231.34,0.65,0.86
2026-07-10 02:35:00,226.49,1.45,0.87
2026-07-10 02:40:00,227.15,1.08,0.86
2026-07-10 02:45:00,227.79,1.32,0.86
2026-07-10 02:50:00,226.17,0.76,0.83
2026-07-10 02:55:00,226.04,1.67,0.85
2026-07-10 03:00:00,226.66,0.91,0.87
2026-07-10 03:05:00,233.31,1.37,0.85
2026-07-10 03:10:00,226.26,1.12,0.82
2026-07-10 03:15:00,227.03,1.03,0.84
2026-07-10 03:20:00,233.52,0.47,0.87
2026-07-10 03:25:00,233.9,1.51,0.82
2026-07-10 03:30:00,232.11,0.98,0.88
2026-07-10 03:35:00,231.1,1.45,0.81
2026-07-10 03:40:00,230.25,1.52,0.87
2026-07-10 03:45:00,227.24,0.52,0.8
2026-07-10 03:50:00,231.4,1.45,0.82
2026-07-10 03:55:00,228.23,0.73,0.85
2026-07-10 04:00:00,225.44,1.25,0.82
2026-07-10 04:05:00,232.46,0.82,0.81
2026-07-10 04:10:00,226.84,0.74,0.82
2026-07-10 04:15:00,228.92,1.04,0.82
2026-07-10 04:20:00,228.98,1.74,0.8
2026-07-10 04:25:00,230.81,1.53,0.83
2026-07-10 04:30:00,228.67,0.5,0.85
2026-07-10 04:35:00,233.67,1.54,0.82
2026-07-10 04:40:00,234.16,0.88,0.83
2026-07-10 04:45:00,228.36,1.24,0.84
2026-07-10 04:50:00,232.76,0.95,0.86
2026-07-10 04:55:00,233.66,1.44,0.84
2026-07-10 05:00:00,229.22,0.69,0.81
2026-07-10 05:05:00,230.45,1.08,0.86
2026-07-10 05:10:00,229.91,1.38,0.8
2026-07-10 05:15:00,228.9,1.48,0.86
2026-07-10 05:20:00,234.33,1.05,0.85
2026-07-10 05:25:00,228.32,1.17,0.86
2026-07-10 05:30:00,230.17,0.9,0.84
2026-07-10 05:35:00,226.18,1.16,0.84
2026-07-10 05:40:00,232.74,1.78,0.88
2026-07-10 05:45:00,233.01,0.5,0.82
2026-07-10 05:50:00,231.92,0.94,0.82
2026-07-10 05:55:00,227.02,0.62,0.81
2026-07-10 06:00:00,233.31,1.42,0.87
2026-07-10 06:05:00,229.25,0.83,0.88
2026-07-10 06:10:00,232.28,1.75,0.81
2026-07-10 06:15:00,227.36,1.41,0.8
2026-07-10 06:20:00,226.1,1.06,0.87
2026-07-10 06:25:00,226.68,0.42,0.88
2026-07-10 06:30:00,230.32,1.22,0.86
2026-07-10 06:35:00,234.66,0.45,0.85
2026-07-10 06:40:00,227.8,0.73,0.82
2026-07-10 06:45:00,230.58,1.48,0.86
2026-07-10 06:50:00,227.81,1.08,0.85
2026-07-10 06:55:00,233.78,0.56,0.81
2026-07-10 07:00:00,229.6,1.15,0.87
2026-07-10 07:05:00,233.19,1.48,0.85
2026-07-10 07:10:00,228.05,0.42,0.86
2026-07-10 07:15:00,231.51,1.2,0.81
2026-07-10 07:20:00,234.82,1.29,0.87
2026-07-10 07:25:00,233.45,1.05,0.87
2026-07-10 07:30:00,225.39,0.56,0.88
2026-07-10 07:35:00,234.95,1.4,0.83
2026-07-10 07:40:00,228.99,0.92,0.83
2026-07-10 07:45:00,228.81,0.58,0.86
2026-07-10 07:50:00,233.2,1.76,0.81
2026-07-10 07:55:00,234.77,1.74,0.81
2026-07-10 08:00:00,228.74,0.51,0.87
2026-07-10 08:05:00,230.48,1.01,0.81
2026-07-10 08:10:00,229.58,1.72,0.81
2026-07-10 08:15:00,234.98,1.16,0.87
2026-07-10 08:20:00,229.26,1.12,0.82
2026-07-10 08:25:00,225.94,1.31,0.87
2026-07-10 08:30:00,228.94,1.39,0.83
2026-07-10 08:35:00,233.06,0.42,0.86
2026-07-10 08:40:00,233.84,1.36,0.82
2026-07-10 08:45:00,231.77,1.03,0.84
2026-07-10 08:50:00,226.23,1.44,0.82
2026-07-10 08:55:00,226.62,0.82,0.82
2026-07-10 09:00:00,232.26,0.82,0.82
2026-07-10 09:05:00,231.66,1.55,0.86
2026-07-10 09:10:00,233.09,1.69,0.82
2026-07-10 09:15:00,228.1,0.53,0.87
2026-07-10 09:20:00,229.23,1.72,0.8
2026-07-10 09:25:00,230.25,1.41,0.84
2026-07-10 09:30:00,233.67,1.34,0.87
2026-07-10 09:35:00,229.5,1.17,0.81
2026-07-10 09:40:00,233.13,0.82,0.86
2026-07-10 09:45:00,228.69,0.67,0.81
2026-07-10 09:50:00,232.6,0.77,0.81
2026-07-10 09:55:00,228.82,0.68,0.87
2026-07-10 10:00:00,227.58,4.69,0.92
2026-07-10 10:05:00,234.15,4.78,0.98
2026-07-10 10:10:00,225.74,9.96,0.98
2026-07-10 10:15:00,225.0,4.86,0.92
2026-07-10 10:20:00,233.84,6.81,0.97
2026-07-10 10:25:00,229.85,8.95,0.96
2026-07-10 10:30:00,232.91,7.67,0.96
2026-07-10 10:35:00,227.8,7.5,0.93
2026-07-10 10:40:00,228.91,9.05,0.92
2026-07-10 10:45:00,227.8,8.73,0.94
2026-07-10 10:50:00,226.26,7.53,0.97
2026-07-10 10:55:00,226.1,5.33,0.94
2026-07-10 11:00:00,228.9,4.5,0.95
2026-07-10 11:05:00,230.39,4.25,0.95
2026-07-10 11:10:00,230.42,8.26,0.95
2026-07-10 11:15:00,228.15,8.96,0.95
2026-07-10 11:20:00,232.49,6.83,0.94
2026-07-10 11:25:00,228.37,6.7,0.95
2026-07-10 11:30:00,234.81,8.5,0.95
2026-07-10 11:35:00,226.5,4.99,0.97
2026-07-10 11:40:00,225.7,7.17,0.97
2026-07-10 11:45:00,230.56,4.42,0.92
2026-07-10 11:50:00,229.93,8.83,0.96
2026-07-10 11:55:00,226.52,5.6,0.95
2026-07-10 12:00:00,234.77,4.01,0.93
2026-07-10 12:05:00,228.5,6.57,0.94
2026-07-10 12:10:00,230.84,9.48,0.93
2026-07-10 12:15:00,231.82,4.67,0.96
2026-07-10 12:20:00,227.21,5.54,0.92
2026-07-10 12:25:00,229.2,9.02,0.97
2026-07-10 12:30:00,233.92,8.53,0.93
2026-07-10 12:35:00,230.14,6.55,0.94
2026-07-10 12:40:00,234.58,9.85,0.97
2026-07-10 12:45:00,226.44,5.29,0.92
2026-07-10 12:50:00,232.98,8.36,0.93
2026-07-10 12:55:00,231.1,7.58,0.96
2026-07-10 13:00:00,225.98,9.14,0.92
2026-07-10 13:05:00,233.1,4.2,0.96
2026-07-10 13:10:00,232.18,9.32,0.95
2026-07-10 13:15:00,229.98,4.54,0.97
2026-07-10 13:20:00,229.12,4.2,0.98
2026-07-10 13:25:00,227.94,4.66,0.93
2026-07-10 13:30:00,232.0,9.02,0.97
2026-07-10 13:35:00,234.31,6.75,0.96
2026-07-10 13:40:00,234.85,7.8,0.93
2026-07-10 13:45:00,229.5,6.22,0.98
2026-07-10 13:50:00,233.61,4.58,0.93
2026-07-10 13:55:00,231.07,9.48,0.93
2026-07-10 14:00:00,234.74,4.42,0.93
2026-07-10 14:05:00,234.43,9.35,0.98
2026-07-10 14:10:00,227.4,6.97,0.97
2026-07-10 14:15:00,231.61,7.66,0.95
2026-07-10 14:20:00,230.92,8.2,0.95
2026-07-10 14:25:00,230.12,6.45,0.93
2026-07-10 14:30:00,227.03,9.23,0.94
2026-07-10 14:35:00,226.84,9.07,0.93
2026-07-10 14:40:00,228.49,8.69,0.97
2026-07-10 14:45:00,231.15,6.13,0.93
2026-07-10 14:50:00,229.38,8.03,0.94
2026-07-10 14:55:00,232.71,7.65,0.96
2026-07-10 15:00:00,232.48,4.21,0.97
2026-07-10 15:05:00,225.91,9.67,0.97
2026-07-10 15:10:00,226.7,7.69,0.93
2026-07-10 15:15:00,229.92,5.65,0.94
2026-07-10 15:20:00,232.18,5.49,0.98
2026-07-10 15:25:00,226.89,4.67,0.94
2026-07-10 15:30:00,226.41,6.4,0.96
2026-07-10 15:35:00,233.22,4.85,0.97
2026-07-10 15:40:00,232.21,6.95,0.94
2026-07-10 15:45:00,230.03,7.39,0.96
2026-07-10 15:50:00,232.47,9.79,0.96
2026-07-10 15:55:00,226.49,8.49,0.94
2026-07-10 16:00:00,225.87,6.06,0.93
2026-07-10 16:05:00,226.79,5.08,0.95
2026-07-10 16:10:00,227.21,5.82,0.97
2026-07-10 16:15:00,225.16,5.54,0.93
2026-07-10 16:20:00,231.29,4.76,0.93
2026-07-10 16:25:00,230.74,6.45,0.97
2026-07-10 16:30:00,225.11,9.04,0.97
2026-07-10 16:35:00,227.1,7.17,0.97
2026-07-10 16:40:00,231.09,9.14,0.96
2026-07-10 16:45:00,227.74,6.86,0.98
2026-07-10 16:50:00,234.24,9.32,0.93
2026-07-10 16:55:00,233.5,9.9,0.93
2026-07-10 17:00:00,226.02,9.91,0.98
2026-07-10 17:05:00,230.96,4.4,0.97
2026-07-10 17:10:00,233.5,5.01,0.97
2026-07-10 17:15:00,226.91,8.0,0.94
2026-07-10 17:20:00,233.52,8.37,0.94
2026-07-10 17:25:00,228.66,9.23,0.96
2026-07-10 17:30:00,227.9,5.95,0.96
2026-07-10 17:35:00,225.0,4.16,0.93
2026-07-10 17:40:00,231.21,7.18,0.96
2026-07-10 17:45:00,229.9,4.65,0.97
2026-07-10 17:50:00,233.19,9.27,0.98
2026-07-10 17:55:00,229.7,9.25,0.96
2026-07-10 18:00:00,233.84,4.39,0.95
2026-07-10 18:05:00,227.79,9.69,0.95
2026-07-10 18:10:00,227.72,8.6,0.92
2026-07-10 18:15:00,227.11,6.74,0.94
2026-07-10 18:20:00,226.41,6.86,0.96
2026-07-10 18:25:00,226.73,4.2,0.94
2026-07-10 18:30:00,230.98,8.64,0.93
2026-07-10 18:35:00,228.79,9.52,0.95
2026-07-10 18:40:00,232.64,6.75,0.92
2026-07-10 18:45:00,228.93,7.88,0.95
2026-07-10 18:50:00,227.89,7.11,0.95
2026-07-10 18:55:00,234.05,4.22,0.93
2026-07-10 19:00:00,231.03,3.1,0.89
2026-07-10 19:05:00,230.54,4.64,0.88
2026-07-10 19:10:00,234.25,5.5,0.94
2026-07-10 19:15:00,228.24,3.92,0.94
2026-07-10 19:20:00,231.54,5.85,0.89
2026-07-10 19:25:00,230.1,2.63,0.91
2026-07-10 19:30:00,225.92,2.78,0.91
2026-07-10 19:35:00,228.79,4.02,0.93
2026-07-10 19:40:00,230.27,2.66,0.89
2026-07-10 19:45:00,228.19,3.51,0.92
2026-07-10 19:50:00,232.0,4.18,0.88
2026-07-10 19:55:00,227.3,4.92,0.93
2026-07-10 20:00:00,233.02,4.95,0.93
2026-07-10 20:05:00,230.39,2.59,0.92
2026-07-10 20:10:00,234.77,3.23,0.92
2026-07-10 20:15:00,230.7,5.26,0.91
2026-07-10 20:20:00,233.06,4.33,0.9
2026-07-10 20:25:00,233.36,2.99,0.93
2026-07-10 20:30:00,232.64,5.03,0.93
2026-07-10 20:35:00,225.81,2.54,0.92
2026-07-10 20:40:00,228.53,5.76,0.9
2026-07-10 20:45:00,227.91,2.7,0.88
2026-07-10 20:50:00,227.42,3.15,0.89
2026-07-10 20:55:00,234.47,3.82,0.91
2026-07-10 21:00:00,227.36,3.39,0.91
2026-07-10 21:05:00,226.44,4.19,0.91
2026-07-10 21:10:00,227.3,2.92,0.9
2026-07-10 21:15:00,231.19,3.42,0.93
2026-07-10 21:20:00,225.19,5.92,0.94
2026-07-10 21:25:00,231.14,2.78,0.88
2026-07-10 21:30:00,228.17,2.61,0.91
2026-07-10 21:35:00,230.84,3.55,0.91
2026-07-10 21:40:00,226.25,5.7,0.93
2026-07-10 21:45:00,227.36,3.12,0.94
2026-07-10 21:50:00,228.45,4.0,0.9
2026-07-10 21:55:00,225.71,3.7,0.9
2026-07-10 22:00:00,226.79,4.38,0.94
2026-07-10 22:05:00,233.48,3.85,0.92
2026-07-10 22:10:00,232.77,3.52,0.91
2026-07-10 22:15:00,230.48,4.54,0.92
2026-07-10 22:20:00,231.45,2.95,0.92
2026-07-10 22:25:00,231.55,2.55,0.9
2026-07-10 22:30:00,229.88,5.72,0.92
2026-07-10 22:35:00,232.19,5.17,0.9
2026-07-10 22:40:00,227.92,5.68,0.9
2026-07-10 22:45:00,231.01,2.59,0.89
2026-07-10 22:50:00,234.08,3.64,0.94
2026-07-10 22:55:00,231.77,4.75,0.93
2026-07-10 23:00:00,231.95,4.02,0.91
2026-07-10 23:05:00,226.79,2.54,0.9
2026-07-10 23:10:00,230.42,3.75,0.93
2026-07-10 23:15:00,232.88,2.53,0.94
2026-07-10 23:20:00,229.01,5.87,0.92
2026-07-10 23:25:00,234.69,4.92,0.92
2026-07-10 23:30:00,234.5,4.32,0.88
2026-07-10 23:35:00,227.92,4.25,0.94
2026-07-10 23:40:00,226.67,2.83,0.91
2026-07-10 23:45:00,230.62,5.91,0.88
2026-07-10 23:50:00,227.46,4.43,0.91
2026-07-10 23:55:00,229.82,3.94,0.94
2026-07-11 00:00:00,234.65,0.83,0.82
2026-07-11 00:05:00,230.03,0.92,0.86
2026-07-11 00:10:00,229.72,0.46,0.84
2026-07-11 00:15:00,229.8,0.63,0.85
2026-07-11 00:20:00,226.87,0.75,0.88
2026-07-11 00:25:00,226.93,0.93,0.83
2026-07-11 00:30:00,232.22,0.61,0.86
2026-07-11 00:35:00,228.04,1.08,0.84
2026-07-11 00:40:00,234.34,1.06,0.81
2026-07-11 00:45:00,227.12,1.56,0.83
2026-07-11 00:50:00,231.63,1.46,0.81
2026-07-11 00:55:00,226.41,1.06,0.84
2026-07-11 01:00:00,233.47,1.45,0.82
2026-07-11 01:05:00,225.44,1.32,0.86
2026-07-11 01:10:00,232.75,0.5,0.86
2026-07-11 01:15:00,234.85,0.75,0.88
2026-07-11 01:20:00,226.63,1.69,0.85
2026-07-11 01:25:00,234.4,1.61,0.81
2026-07-11 01:30:00,234.42,1.55,0.86
2026-07-11 01:35:00,234.0,1.15,0.83
2026-07-11 01:40:00,225.58,0.82,0.88
2026-07-11 01:45:00,229.94,0.72,0.82
2026-07-11 01:50:00,233.27,1.73,0.84
2026-07-11 01:55:00,227.0,1.12,0.87
2026-07-11 02:00:00,232.08,0.82,0.85
2026-07-11 02:05:00,230.7,1.7,0.81
2026-07-11 02:10:00,229.7,0.59,0.87
2026-07-11 02:15:00,232.99,0.55,0.82
2026-07-11 02:20:00,228.62,0.62,0.84
2026-07-11 02:25:00,231.26,1.19,0.81
2026-07-11 02:30:00,228.21,0.73,0.83
2026-07-11 02:35:00,228.8,1.56,0.82
2026-07-11 02:40:00,230.98,0.73,0.84
2026-07-11 02:45:00,226.86,0.41,0.82
2026-07-11 02:50:00,226.07,1.17,0.86
2026-07-11 02:55:00,234.47,1.62,0.85
2026-07-11 03:00:00,233.85,1.37,0.86
2026-07-11 03:05:00,228.65,1.08,0.81
2026-07-11 03:10:00,234.24,0.74,0.83
2026-07-11 03:15:00,232.78,1.64,0.88
2026-07-11 03:20:00,229.69,1.59,0.83
2026-07-11 03:25:00,226.02,0.41,0.84
2026-07-11 03:30:00,225.39,0.83,0.87
2026-07-11 03:35:00,226.25,1.41,0.8
2026-07-11 03:40:00,227.33,1.25,0.88
2026-07-11 03:45:00,234.58,1.14,0.88
2026-07-11 03:50:00,226.82,1.6,0.88
2026-07-11 03:55:00,232.37,0.7,0.84
2026-07-11 04:00:00,234.65,0.75,0.85
2026-07-11 04:05:00,229.94,1.28,0.82
2026-07-11 04:10:00,228.37,1.37,0.83
2026-07-11 04:15:00,225.4,0.64,0.83
2026-07-11 04:20:00,233.66,1.03,0.85
2026-07-11 04:25:00,233.64,1.34,0.84
2026-07-11 04:30:00,231.95,1.46,0.84
2026-07-11 04:35:00,227.79,1.62,0.81
2026-07-11 04:40:00,227.06,1.37,0.88
2026-07-11 04:45:00,234.91,1.77,0.86
2026-07-11 04:50:00,228.35,0.68,0.83
2026-07-11 04:55:00,229.09,1.31,0.8
2026-07-11 05:00:00,227.79,0.49,0.84
2026-07-11 05:05:00,228.63,1.43,0.83
2026-07-11 05:10:00,232.18,1.79,0.86
2026-07-11 05:15:00,233.45,1.19,0.83
2026-07-11 05:20:00,229.74,1.34,0.81
2026-07-11 05:25:00,225.23,0.94,0.82
2026-07-11 05:30:00,230.72,1.12,0.87
2026-07-11 05:35:00,231.86,0.83,0.86
2026-07-11 05:40:00,229.31,1.61,0.87
2026-07-11 05:45:00,230.88,0.59,0.83
2026-07-11 05:50:00,232.7,0.89,0.88
2026-07-11 05:55:00,233.7,1.14,0.88
2026-07-11 06:00:00,226.03,0.74,0.81
2026-07-11 06:05:00,230.35,0.93,0.82
2026-07-11 06:10:00,229.12,1.25,0.88
2026-07-11 06:15:00,230.61,1.35,0.84
2026-07-11 06:20:00,230.29,0.59,0.82
2026-07-11 06:25:00,234.45,0.65,0.8
2026-07-11 06:30:00,231.83,1.41,0.83
2026-07-11 06:35:00,226.01,0.88,0.81
2026-07-11 06:40:00,233.75,0.59,0.81
2026-07-11 06:45:00,225.45,1.17,0.86
2026-07-11 06:50:00,231.08,0.46,0.85
2026-07-11 06:55:00,227.96,1.45,0.83
2026-07-11 07:00:00,234.77,1.43,0.83
2026-07-11 07:05:00,230.15,0.98,0.85
2026-07-11 07:10:00,232.86,1.18,0.82
2026-07-11 07:15:00,233.22,1.52,0.8
2026-07-11 07:20:00,226.02,1.54,0.82
2026-07-11 07:25:00,227.2,0.78,0.82
2026-07-11 07:30:00,228.41,0.57,0.81
2026-07-11 07:35:00,225.89,0.79,0.87
2026-07-11 07:40:00,225.41,0.53,0.85
2026-07-11 07:45:00,228.43,1.35,0.87
2026-07-11 07:50:00,230.28,0.55,0.84
2026-07-11 07:55:00,230.4,0.78,0.83
2026-07-11 08:00:00,231.01,1.24,0.82
2026-07-11 08:05:00,234.62,1.42,0.86
2026-07-11 08:10:00,225.99,0.6,0.81
2026-07-11 08:15:00,233.52,0.8,0.83
2026-07-11 08:20:00,232.56,1.1,0.87
2026-07-11 08:25:00,226.18,1.6,0.87
2026-07-11 08:30:00,234.31,1.23,0.87
2026-07-11 08:35:00,234.04,1.1,0.86
2026-07-11 08:40:00,231.94,0.74,0.87
2026-07-11 08:45:00,231.68,0.72,0.86
2026-07-11 08:50:00,225.88,1.44,0.87
2026-07-11 08:55:00,229.38,0.76,0.81
2026-07-11 09:00:00,226.37,0.53,0.82
2026-07-11 09:05:00,234.03,0.81,0.82
2026-07-11 09:10:00,229.28,0.93,0.84
2026-07-11 09:15:00,225.26,1.46,0.85
2026-07-11 09:20:00,234.69,0.47,0.84
2026-07-11 09:25:00,232.12,1.01,0.85
2026-07-11 09:30:00,225.16,0.75,0.84
2026-07-11 09:35:00,233.61,1.68,0.87
2026-07-11 09:40:00,228.33,1.16,0.82
2026-07-11 09:45:00,229.24,0.94,0.81
2026-07-11 09:50:00,231.6,0.71,0.85
2026-07-11 09:55:00,231.91,1.44,0.86
2026-07-11 10:00:00,225.22,8.79,0.93
2026-07-11 10:05:00,232.9,8.83,0.96
2026-07-11 10:10:00,227.18,5.22,0.93
2026-07-11 10:15:00,231.69,4.86,0.97
2026-07-11 10:20:00,231.15,8.15,0.96
2026-07-11 10:25:00,227.56,8.55,0.96
2026-07-11 10:30:00,230.63,5.3,0.97
2026-07-11 10:35:00,229.98,4.03,0.95
2026-07-11 10:40:00,229.68,5.14,0.94
2026-07-11 10:45:00,230.73,6.38,0.98
2026-07-11 10:50:00,225.76,6.88,0.95
2026-07-11 10:55:00,230.25,6.68,0.94
2026-07-11 11:00:00,229.84,8.74,0.97
2026-07-11 11:05:00,227.73,7.07,0.95
2026-07-11 11:10:00,230.14,7.44,0.95
2026-07-11 11:15:00,233.44,8.1,0.93
2026-07-11 11:20:00,233.33,8.95,0.94
2026-07-11 11:25:00,226.39,9.99,0.98
2026-07-11 11:30:00,225.34,5.19,0.93
2026-07-11 11:35:00,226.28,8.01,0.92
2026-07-11 11:40:00,227.57,9.09,0.96
2026-07-11 11:45:00,230.93,6.26,0.98
2026-07-11 11:50:00,227.86,5.44,0.95
2026-07-11 11:55:00,228.48,5.34,0.98
2026-07-11 12:00:00,231.65,4.01,0.97
2026-07-11 12:05:00,232.61,9.06,0.96
2026-07-11 12:10:00,226.34,7.47,0.97
2026-07-11 12:15:00,227.21,7.96,0.94
2026-07-11 12:20:00,234.9,9.4,0.96
2026-07-11 12:25:00,226.57,7.67,0.94
2026-07-11 12:30:00,230.91,6.97,0.96
2026-07-11 12:35:00,230.69,8.64,0.96
2026-07-11 12:40:00,226.43,9.34,0.97
2026-07-11 12:45:00,227.82,5.15,0.94
2026-07-11 12:50:00,233.21,6.94,0.97
2026-07-11 12:55:00,233.24,4.23,0.95
2026-07-11 13:00:00,225.93,8.84,0.94
2026-07-11 13:05:00,232.13,4.93,0.96
2026-07-11 13:10:00,229.23,4.48,0.97
2026-07-11 13:15:00,229.32,8.71,0.97
2026-07-11 13:20:00,227.18,8.42,0.93
2026-07-11 13:25:00,234.18,4.95,0.92
2026-07-11 13:30:00,226.14,5.18,0.97
2026-07-11 13:35:00,227.18,4.35,0.96
2026-07-11 13:40:00,232.09,4.72,0.97
2026-07-11 13:45:00,231.3,7.82,0.97
2026-07-11 13:50:00,226.18,7.53,0.92
2026-07-11 13:55:00,226.65,8.28,0.94
2026-07-11 14:00:00,230.45,6.95,0.93
2026-07-11 14:05:00,227.93,4.31,0.98
2026-07-11 14:10:00,234.81,9.64,0.96
2026-07-11 14:15:00,232.99,5.11,0.98
2026-07-11 14:20:00,230.75,7.96,0.96
2026-07-11 14:25:00,234.38,4.09,0.95
2026-07-11 14:30:00,231.58,5.14,0.97
2026-07-11 14:35:00,233.73,6.22,0.96
2026-07-11 14:40:00,230.66,5.2,0.95
2026-07-11 14:45:00,230.78,6.31,0.92
2026-07-11 14:50:00,225.62,8.02,0.94
2026-07-11 14:55:00,227.72,4.06,0.96
2026-07-11 15:00:00,229.25,6.44,0.97
2026-07-11 15:05:00,232.32,6.03,0.95
2026-07-11 15:10:00,228.08,5.13,0.93
2026-07-11 15:15:00,230.68,6.51,0.92
2026-07-11 15:20:00,233.15,7.61,0.98
2026-07-11 15:25:00,232.97,5.7,0.94
2026-07-11 15:30:00,233.3,5.32,0.93
2026-07-11 15:35:00,228.65,8.53,0.94
2026-07-11 15:40:00,228.02,8.27,0.94
2026-07-11 15:45:00,225.3,8.3,0.93
2026-07-11 15:50:00,234.25,4.51,0.98
2026-07-11 15:55:00,232.84,7.01,0.97
2026-07-11 16:00:00,231.18,7.97,0.97
2026-07-11 16:05:00,227.24,6.29,0.96
2026-07-11 16:10:00,227.5,8.2,0.97
2026-07-11 16:15:00,230.88,7.74,0.96
2026-07-11 16:20:00,230.33,6.79,0.95
2026-07-11 16:25:00,226.61,8.66,0.96
2026-07-11 16:30:00,231.29,6.69,0.94
2026-07-11 16:35:00,232.99,4.74,0.97
2026-07-11 16:40:00,231.41,8.85,0.98
2026-07-11 16:45:00,229.01,5.56,0.97
2026-07-11 16:50:00,233.01,6.55,0.93
2026-07-11 16:55:00,228.51,7.53,0.94
2026-07-11 17:00:00,232.75,9.46,0.92
2026-07-11 17:05:00,225.64,5.29,0.92
2026-07-11 17:10:00,231.92,5.49,0.94
2026-07-11 17:15:00,234.49,8.27,0.93
2026-07-11 17:20:00,227.56,5.15,0.94
2026-07-11 17:25:00,225.97,6.14,0.96
2026-07-11 17:30:00,228.28,7.51,0.93
2026-07-11 17:35:00,226.66,5.38,0.93
2026-07-11 17:40:00,226.05,6.42,0.95
2026-07-11 17:45:00,230.86,7.57,0.93
2026-07-11 17:50:00,227.27,6.1,0.93
2026-07-11 17:55:00,227.45,9.41,0.96
2026-07-11 18:00:00,228.07,8.25,0.96
2026-07-11 18:05:00,231.54,9.2,0.96
2026-07-11 18:10:00,230.2,7.94,0.96
2026-07-11 18:15:00,228.71,5.92,0.96
2026-07-11 18:20:00,231.05,7.95,0.93
2026-07-11 18:25:00,225.78,4.53,0.98
2026-07-11 18:30:00,226.58,4.87,0.93
2026-07-11 18:35:00,225.41,8.16,0.93
2026-07-11 18:40:00,230.35,8.8,0.97
2026-07-11 18:45:00,225.9,7.46,0.94
2026-07-11 18:50:00,225.19,5.43,0.93
2026-07-11 18:55:00,229.64,4.33,0.97
2026-07-11 19:00:00,225.61,4.61,0.93
2026-07-11 19:05:00,225.55,5.46,0.94
2026-07-11 19:10:00,232.1,3.33,0.9
2026-07-11 19:15:00,228.57,4.31,0.91
2026-07-11 19:20:00,226.02,4.8,0.93
2026-07-11 19:25:00,234.04,4.89,0.91
2026-07-11 19:30:00,225.62,3.44,0.91
2026-07-11 19:35:00,226.44,5.56,0.94
2026-07-11 19:40:00,225.72,4.45,0.91
2026-07-11 19:45:00,230.21,4.01,0.89
2026-07-11 19:50:00,232.61,4.29,0.93
2026-07-11 19:55:00,229.5,5.51,0.9
2026-07-11 20:00:00,234.98,4.23,0.89
2026-07-11 20:05:00,234.46,5.62,0.9
2026-07-11 20:10:00,234.49,5.27,0.92
2026-07-11 20:15:00,232.67,4.04,0.94
2026-07-11 20:20:00,231.13,4.7,0.88
2026-07-11 20:25:00,230.24,2.98,0.9
2026-07-11 20:30:00,227.24,5.16,0.89
2026-07-11 20:35:00,229.89,3.48,0.91
2026-07-11 20:40:00,234.8,5.38,0.9
2026-07-11 20:45:00,228.85,5.55,0.93
2026-07-11 20:50:00,225.33,5.09,0.94
2026-07-11 20:55:00,231.72,2.8,0.94
2026-07-11 21:00:00,230.91,4.64,0.9
2026-07-11 21:05:00,229.35,4.64,0.93
2026-07-11 21:10:00,233.98,3.46,0.9
2026-07-11 21:15:00,227.24,5.45,0.89
2026-07-11 21:20:00,229.16,3.24,0.93
2026-07-11 21:25:00,229.1,4.56,0.9
2026-07-11 21:30:00,228.45,4.12,0.93
2026-07-11 21:35:00,226.06,2.94,0.91
2026-07-11 21:40:00,228.5,2.78,0.9
2026-07-11 21:45:00,229.67,2.92,0.93
2026-07-11 21:50:00,227.47,5.67,0.88
2026-07-11 21:55:00,230.59,4.57,0.89
2026-07-11 22:00:00,231.04,4.6,0.89
2026-07-11 22:05:00,234.95,5.19,0.89
2026-07-11 22:10:00,231.79,4.68,0.93
2026-07-11 22:15:00,234.47,2.62,0.94
2026-07-11 22:20:00,233.34,3.76,0.89
2026-07-11 22:25:00,228.21,3.04,0.88
2026-07-11 22:30:00,227.39,4.2,0.92
2026-07-11 22:35:00,229.84,5.11,0.93
2026-07-11 22:40:00,231.74,4.79,0.91
2026-07-11 22:45:00,229.79,5.01,0.9
2026-07-11 22:50:00,227.81,5.37,0.93
2026-07-11 22:55:00,226.21,5.68,0.92
2026-07-11 23:00:00,233.53,5.11,0.94
2026-07-11 23:05:00,231.58,4.07,0.92
2026-07-11 23:10:00,231.04,5.18,0.89
2026-07-11 23:15:00,226.64,5.68,0.91
2026-07-11 23:20:00,232.85,5.6,0.92
2026-07-11 23:25:00,227.62,3.91,0.94
2026-07-11 23:30:00,231.57,3.64,0.92
2026-07-11 23:35:00,228.33,4.12,0.91
2026-07-11 23:40:00,233.03,4.53,0.88
2026-07-11 23:45:00,227.37,5.58,0.91
2026-07-11 23:50:00,234.59,4.71,0.9
2026-07-11 23:55:00,234.99,4.46,0.92
2026-07-12 00:00:00,231.15,1.33,0.8
2026-07-12 00:05:00,229.57,1.63,0.81
2026-07-12 00:10:00,227.51,1.26,0.88
2026-07-12 00:15:00,229.4,1.6,0.83
2026-07-12 00:20:00,231.98,0.56,0.84
2026-07-12 00:25:00,225.01,0.64,0.82
2026-07-12 00:30:00,232.66,0.55,0.86
2026-07-12 00:35:00,225.33,0.99,0.88
2026-07-12 00:40:00,225.12,1.28,0.87
2026-07-12 00:45:00,233.43,1.02,0.87
2026-07-12 00:50:00,230.36,0.82,0.81
2026-07-12 00:55:00,230.79,1.78,0.81
2026-07-12 01:00:00,232.92,1.52,0.86
2026-07-12 01:05:00,230.56,0.42,0.81
2026-07-12 01:10:00,232.04,1.17,0.83
2026-07-12 01:15:00,230.07,0.61,0.83
2026-07-12 01:20:00,230.77,1.69,0.88
2026-07-12 01:25:00,230.84,1.41,0.8
2026-07-12 01:30:00,233.77,1.72,0.86
2026-07-12 01:35:00,229.05,0.67,0.85
2026-07-12 01:40:00,231.9,1.44,0.88
2026-07-12 01:45:00,231.33,0.83,0.84
2026-07-12 01:50:00,226.57,1.68,0.88
2026-07-12 01:55:00,233.2,1.09,0.8
2026-07-12 02:00:00,234.93,1.76,0.82
2026-07-12 02:05:00,227.12,0.48,0.82
2026-07-12 02:10:00,229.53,1.39,0.81
2026-07-12 02:15:00,230.79,0.48,0.85
2026-07-12 02:20:00,227.81,0.43,0.83
2026-07-12 02:25:00,228.98,1.0,0.81
2026-07-12 02:30:00,229.6,0.64,0.84
2026-07-12 02:35:00,230.47,1.22,0.81
2026-07-12 02:40:00,234.66,0.47,0.81
2026-07-12 02:45:00,234.19,1.25,0.87
2026-07-12 02:50:00,231.3,0.82,0.83
2026-07-12 02:55:00,233.76,1.45,0.83
2026-07-12 03:00:00,230.66,1.46,0.82
2026-07-12 03:05:00,232.55,1.76,0.83
2026-07-12 03:10:00,228.72,1.57,0.86
2026-07-12 03:15:00,227.25,1.38,0.85
2026-07-12 03:20:00,228.02,1.54,0.82
2026-07-12 03:25:00,225.88,0.54,0.86
2026-07-12 03:30:00,226.61,1.05,0.85
2026-07-12 03:35:00,225.77,1.74,0.87
2026-07-12 03:40:00,226.41,1.67,0.85
2026-07-12 03:45:00,226.4,1.3,0.82
2026-07-12 03:50:00,226.05,0.82,0.84
2026-07-12 03:55:00,229.68,1.54,0.85
2026-07-12 04:00:00,234.87,0.54,0.84
2026-07-12 04:05:00,228.23,0.53,0.87
2026-07-12 04:10:00,234.53,1.75,0.85
2026-07-12 04:15:00,229.71,1.66,0.85
2026-07-12 04:20:00,228.88,1.51,0.82
2026-07-12 04:25:00,225.97,1.54,0.88
2026-07-12 04:30:00,228.05,1.64,0.81
2026-07-12 04:35:00,232.36,0.66,0.81
2026-07-12 04:40:00,226.83,0.59,0.8
2026-07-12 04:45:00,228.8,0.8,0.82
2026-07-12 04:50:00,226.81,1.14,0.8
2026-07-12 04:55:00,227.64,1.74,0.85
2026-07-12 05:00:00,231.9,1.31,0.88
2026-07-12 05:05:00,228.85,1.18,0.86
2026-07-12 05:10:00,232.25,1.72,0.85
2026-07-12 05:15:00,228.6,1.68,0.81
2026-07-12 05:20:00,232.67,0.48,0.85
2026-07-12 05:25:00,228.79,1.09,0.84
2026-07-12 05:30:00,231.97,0.62,0.84
2026-07-12 05:35:00,228.92,1.1,0.8
2026-07-12 05:40:00,226.91,1.56,0.85
2026-07-12 05:45:00,226.22,1.35,0.82
2026-07-12 05:50:00,225.77,0.55,0.82
2026-07-12 05:55:00,228.02,0.93,0.88
2026-07-12 06:00:00,226.95,1.64,0.88
2026-07-12 06:05:00,228.02,0.63,0.82
2026-07-12 06:10:00,227.87,1.71,0.86
2026-07-12 06:15:00,227.16,1.35,0.85
2026-07-12 06:20:00,228.15,0.89,0.8
2026-07-12 06:25:00,233.65,1.63,0.82
2026-07-12 06:30:00,232.48,1.42,0.81
2026-07-12 06:35:00,227.49,0.63,0.82
2026-07-12 06:40:00,231.04,1.7,0.81
2026-07-12 06:45:00,229.2,0.53,0.87
2026-07-12 06:50:00,228.64,1.52,0.86
2026-07-12 06:55:00,232.33,1.43,0.83
2026-07-12 07:00:00,225.47,0.44,0.83
2026-07-12 07:05:00,225.2,1.12,0.87
2026-07-12 07:10:00,227.2,1.59,0.85
2026-07-12 07:15:00,226.32,0.94,0.81
2026-07-12 07:20:00,231.36,1.75,0.87
2026-07-12 07:25:00,233.29,1.3,0.8
2026-07-12 07:30:00,232.0,0.99,0.85
2026-07-12 07:35:00,225.32,1.26,0.87
2026-07-12 07:40:00,227.03,0.46,0.82
2026-07-12 07:45:00,226.56,0.91,0.8
2026-07-12 07:50:00,225.91,0.76,0.82
2026-07-12 07:55:00,225.19,1.2,0.87
2026-07-12 08:00:00,232.96,0.91,0.81
2026-07-12 08:05:00,225.54,1.57,0.81
2026-07-12 08:10:00,227.57,1.28,0.83
2026-07-12 08:15:00,227.62,0.79,0.87
2026-07-12 08:20:00,227.78,0.51,0.82
2026-07-12 08:25:00,229.88,0.89,0.86
2026-07-12 08:30:00,234.84,0.71,0.85
2026-07-12 08:35:00,226.66,1.08,0.8
2026-07-12 08:40:00,226.62,0.55,0.83
2026-07-12 08:45:00,229.97,1.23,0.85
2026-07-12 08:50:00,225.92,1.67,0.88
2026-07-12 08:55:00,225.62,1.59,0.87
2026-07-12 09:00:00,225.8,1.55,0.81
2026-07-12 09:05:00,230.85,1.31,0.8
2026-07-12 09:10:00,232.41,1.39,0.86
2026-07-12 09:15:00,229.68,1.46,0.83
2026-07-12 09:20:00,229.67,1.76,0.83
2026-07-12 09:25:00,228.55,0.59,0.83
2026-07-12 09:30:00,233.28,1.8,0.83
2026-07-12 09:35:00,233.13,1.44,0.87
2026-07-12 09:40:00,231.57,1.48,0.8
2026-07-12 09:45:00,233.83,0.61,0.84
2026-07-12 09:50:00,232.74,0.94,0.85
2026-07-12 09:55:00,234.89,0.69,0.88
2026-07-12 10:00:00,232.45,7.78,0.96
2026-07-12 10:05:00,230.37,7.32,0.94
2026-07-12 10:10:00,233.18,9.14,0.97
2026-07-12 10:15:00,230.86,7.15,0.97
2026-07-12 10:20:00,231.76,5.09,0.95
2026-07-12 10:25:00,229.69,4.12,0.92
2026-07-12 10:30:00,230.87,7.23,0.94
2026-07-12 10:35:00,230.37,8.03,0.95
2026-07-12 10:40:00,231.96,9.21,0.98
2026-07-12 10:45:00,234.34,7.98,0.96
2026-07-12 10:50:00,226.74,9.43,0.95
2026-07-12 10:55:00,230.15,5.06,0.97
2026-07-12 11:00:00,232.82,4.76,0.96
2026-07-12 11:05:00,232.82,6.76,0.97
2026-07-12 11:10:00,226.95,4.18,0.95
2026-07-12 11:15:00,232.76,5.04,0.95
2026-07-12 11:20:00,226.06,5.48,0.95
2026-07-12 11:25:00,231.05,4.65,0.98
2026-07-12 11:30:00,231.16,4.23,0.94
2026-07-12 11:35:00,230.46,6.66,0.96
2026-07-12 11:40:00,225.35,7.11,0.94
2026-07-12 11:45:00,229.94,4.13,0.97
2026-07-12 11:50:00,225.76,4.99,0.97
2026-07-12 11:55:00,232.16,6.49,0.92
2026-07-12 12:00:00,232.16,7.67,0.92
2026-07-12 12:05:00,233.96,9.54,0.98
2026-07-12 12:10:00,230.08,9.78,0.95
2026-07-12 12:15:00,226.13,7.86,0.96
2026-07-12 12:20:00,225.04,6.77,0.93
2026-07-12 12:25:00,229.31,5.34,0.96
2026-07-12 12:30:00,229.21,4.76,0.92
2026-07-12 12:35:00,231.95,7.14,0.98
2026-07-12 12:40:00,228.37,4.91,0.98
2026-07-12 12:45:00,231.56,8.99,0.94
2026-07-12 12:50:00,234.93,9.06,0.98
2026-07-12 12:55:00,232.26,7.35,0.97
2026-07-12 13:00:00,228.82,9.76,0.96
2026-07-12 13:05:00,234.24,9.76,0.94
2026-07-12 13:10:00,228.61,5.01,0.97
2026-07-12 13:15:00,230.89,6.49,0.92
2026-07-12 13:20:00,228.17,8.85,0.94
2026-07-12 13:25:00,230.6,5.69,0.98
2026-07-12 13:30:00,225.67,8.15,0.94
2026-07-12 13:35:00,226.15,9.39,0.96
2026-07-12 13:40:00,226.96,7.68,0.92
2026-07-12 13:45:00,232.16,6.77,0.93
2026-07-12 13:50:00,234.76,6.99,0.92
2026-07-12 13:55:00,230.4,4.81,0.94
2026-07-12 14:00:00,231.81,9.03,0.98
2026-07-12 14:05:00,226.28,8.25,0.97
2026-07-12 14:10:00,225.24,5.55,0.97
2026-07-12 14:15:00,231.62,9.55,0.94
2026-07-12 14:20:00,231.74,7.03,0.95
2026-07-12 14:25:00,232.07,7.4,0.94
2026-07-12 14:30:00,229.55,6.91,0.95
2026-07-12 14:35:00,231.61,9.71,0.93
2026-07-12 14:40:00,227.18,8.63,0.93
2026-07-12 14:45:00,232.65,9.07,0.95
2026-07-12 14:50:00,227.5,6.12,0.93
2026-07-12 14:55:00,231.26,4.94,0.96
2026-07-12 15:00:00,232.98,5.12,0.95
2026-07-12 15:05:00,230.56,4.71,0.96
2026-07-12 15:10:00,225.3,8.22,0.98
2026-07-12 15:15:00,225.46,6.58,0.95
2026-07-12 15:20:00,233.15,5.5,0.96
2026-07-12 15:25:00,232.98,9.39,0.94
2026-07-12 15:30:00,227.43,4.24,0.97
2026-07-12 15:35:00,226.63,8.59,0.96
2026-07-12 15:40:00,227.69,5.69,0.93
2026-07-12 15:45:00,232.87,5.28,0.94
2026-07-12 15:50:00,226.08,8.4,0.94
2026-07-12 15:55:00,229.28,8.47,0.92
2026-07-12 16:00:00,231.3,4.99,0.97
2026-07-12 16:05:00,234.52,6.87,0.95
2026-07-12 16:10:00,227.59,7.15,0.97
2026-07-12 16:15:00,230.02,7.81,0.93
2026-07-12 16:20:00,231.49,6.94,0.97
2026-07-12 16:25:00,230.4,5.68,0.95
2026-07-12 16:30:00,228.26,6.37,0.96
2026-07-12 16:35:00,229.45,6.22,0.98
2026-07-12 16:40:00,228.13,6.94,0.98
2026-07-12 16:45:00,228.54,8.11,0.92
2026-07-12 16:50:00,226.15,7.16,0.94
2026-07-12 16:55:00,233.74,4.31,0.95
2026-07-12 17:00:00,225.75,6.91,0.94
2026-07-12 17:05:00,229.2,9.24,0.96
2026-07-12 17:10:00,225.7,6.01,0.96
2026-07-12 17:15:00,231.43,8.13,0.96
2026-07-12 17:20:00,231.73,5.68,0.93
2026-07-12 17:25:00,232.22,7.32,0.93
2026-07-12 17:30:00,232.69,7.72,0.94
2026-07-12 17:35:00,230.74,8.9,0.92
2026-07-12 17:40:00,228.15,8.78,0.97
2026-07-12 17:45:00,225.07,4.92,0.93
2026-07-12 17:50:00,229.33,5.85,0.93
2026-07-12 17:55:00,233.52,6.75,0.92
2026-07-12 18:00:00,231.09,7.59,0.97
2026-07-12 18:05:00,225.85,9.97,0.95
2026-07-12 18:10:00,226.31,6.34,0.95
2026-07-12 18:15:00,227.85,6.91,0.97
2026-07-12 18:20:00,225.92,4.18,0.93
2026-07-12 18:25:00,232.36,4.25,0.98
2026-07-12 18:30:00,230.56,4.73,0.96
2026-07-12 18:35:00,227.1,5.7,0.94
2026-07-12 18:40:00,230.38,7.69,0.96
2026-07-12 18:45:00,226.41,6.56,0.93
2026-07-12 18:50:00,231.63,8.78,0.97
2026-07-12 18:55:00,234.2,8.43,0.93
2026-07-12 19:00:00,229.16,4.92,0.93
2026-07-12 19:05:00,227.87,3.74,0.89
2026-07-12 19:10:00,230.64,3.6,0.92
2026-07-12 19:15:00,234.39,5.99,0.9
2026-07-12 19:20:00,229.42,4.86,0.89
2026-07-12 19:25:00,228.79,3.96,0.93
2026-07-12 19:30:00,227.45,2.54,0.91
2026-07-12 19:35:00,232.74,5.75,0.94
2026-07-12 19:40:00,232.3,4.6,0.89
2026-07-12 19:45:00,230.75,3.89,0.94
2026-07-12 19:50:00,231.65,4.44,0.89
2026-07-12 19:55:00,227.45,4.31,0.9
2026-07-12 20:00:00,228.53,5.85,0.94
2026-07-12 20:05:00,227.52,3.42,0.92
2026-07-12 20:10:00,225.23,3.84,0.88
2026-07-12 20:15:00,231.01,4.31,0.91
2026-07-12 20:20:00,233.13,3.79,0.93
2026-07-12 20:25:00,225.98,3.75,0.92
2026-07-12 20:30:00,231.89,5.06,0.91
2026-07-12 20:35:00,228.09,3.27,0.92
2026-07-12 20:40:00,232.83,4.62,0.89
2026-07-12 20:45:00,231.21,4.84,0.91
2026-07-12 20:50:00,232.76,4.04,0.93
2026-07-12 20:55:00,233.68,2.76,0.91
2026-07-12 21:00:00,227.89,5.09,0.93
2026-07-12 21:05:00,234.07,3.57,0.91
2026-07-12 21:10:00,233.96,4.23,0.92
2026-07-12 21:15:00,225.71,3.8,0.93
2026-07-12 21:20:00,233.64,3.94,0.92
2026-07-12 21:25:00,228.73,3.67,0.91
2026-07-12 21:30:00,230.89,5.64,0.9
2026-07-12 21:35:00,231.28,4.98,0.92
2026-07-12 21:40:00,233.5,5.38,0.9
2026-07-12 21:45:00,234.56,5.55,0.92
2026-07-12 21:50:00,232.07,4.41,0.93
2026-07-12 21:55:00,232.59,3.17,0.88
2026-07-12 22:00:00,228.45,4.9,0.93
2026-07-12 22:05:00,227.74,2.53,0.89
2026-07-12 22:10:00,232.14,5.12,0.91
2026-07-12 22:15:00,225.46,5.05,0.89
2026-07-12 22:20:00,234.79,5.04,0.94
2026-07-12 22:25:00,233.12,5.78,0.91
2026-07-12 22:30:00,233.3,2.71,0.89
2026-07-12 22:35:00,227.93,4.56,0.91
2026-07-12 22:40:00,233.79,5.51,0.89
2026-07-12 22:45:00,227.44,5.72,0.93
2026-07-12 22:50:00,227.21,5.31,0.88
2026-07-12 22:55:00,225.11,3.46,0.89
2026-07-12 23:00:00,230.52,3.04,0.92
2026-07-12 23:05:00,226.42,2.58,0.93
2026-07-12 23:10:00,232.29,3.35,0.9
2026-07-12 23:15:00,231.57,5.32,0.9
2026-07-12 23:20:00,231.67,3.53,0.9
2026-07-12 23:25:00,230.35,3.53,0.93
2026-07-12 23:30:00,233.97,2.89,0.88
2026-07-12 23:35:00,233.31,2.68,0.93
2026-07-12 23:40:00,234.14,3.66,0.94
2026-07-12 23:45:00,232.83,5.54,0.92
2026-07-12 23:50:00,225.27,5.95,0.91
2026-07-12 23:55:00,229.62,4.09,0.88
2026-07-13 00:00:00,229.41,1.41,0.82
2026-07-13 00:05:00,227.96,1.04,0.81
2026-07-13 00:10:00,230.74,1.79,0.84
2026-07-13 00:15:00,231.41,0.56,0.86
2026-07-13 00:20:00,234.28,0.83,0.88
2026-07-13 00:25:00,226.74,1.17,0.87
2026-07-13 00:30:00,225.12,1.54,0.85
2026-07-13 00:35:00,234.35,1.56,0.8
2026-07-13 00:40:00,230.24,0.78,0.88
2026-07-13 00:45:00,234.79,1.18,0.86
2026-07-13 00:50:00,233.48,0.61,0.82
2026-07-13 00:55:00,230.52,1.19,0.88
2026-07-13 01:00:00,233.01,1.61,0.88
2026-07-13 01:05:00,233.84,1.43,0.84
2026-07-13 01:10:00,232.15,1.76,0.82
2026-07-13 01:15:00,225.93,1.77,0.83
2026-07-13 01:20:00,226.0,1.6,0.82
2026-07-13 01:25:00,232.57,1.79,0.82
2026-07-13 01:30:00,232.22,1.29,0.85
2026-07-13 01:35:00,231.11,1.33,0.86
2026-07-13 01:40:00,228.61,1.72,0.81
2026-07-13 01:45:00,234.76,1.32,0.86
2026-07-13 01:50:00,233.0,0.78,0.87
2026-07-13 01:55:00,230.26,0.88,0.87
2026-07-13 02:00:00,233.14,1.17,0.83
2026-07-13 02:05:00,230.99,1.02,0.87
2026-07-13 02:10:00,226.28,0.95,0.83
2026-07-13 02:15:00,230.81,1.55,0.84
2026-07-13 02:20:00,227.03,0.51,0.8
2026-07-13 02:25:00,234.98,0.69,0.83
2026-07-13 02:30:00,228.69,0.68,0.8
2026-07-13 02:35:00,230.49,1.4,0.82
2026-07-13 02:40:00,228.33,1.67,0.86
2026-07-13 02:45:00,230.29,1.75,0.86
2026-07-13 02:50:00,231.8,0.43,0.84
2026-07-13 02:55:00,230.9,1.2,0.87
2026-07-13 03:00:00,228.48,1.12,0.81
2026-07-13 03:05:00,232.44,1.38,0.84
2026-07-13 03:10:00,231.34,1.04,0.83
2026-07-13 03:15:00,230.43,0.93,0.82
2026-07-13 03:20:00,230.99,0.71,0.8
2026-07-13 03:25:00,226.13,0.41,0.85
2026-07-13 03:30:00,230.81,0.65,0.86
2026-07-13 03:35:00,233.51,0.66,0.86
2026-07-13 03:40:00,233.61,1.26,0.84
2026-07-13 03:45:00,230.35,0.9,0.86
2026-07-13 03:50:00,228.19,1.67,0.85
2026-07-13 03:55:00,233.55,1.7,0.84
2026-07-13 04:00:00,233.28,1.62,0.83
2026-07-13 04:05:00,228.83,1.49,0.81
2026-07-13 04:10:00,230.17,1.33,0.87
2026-07-13 04:15:00,227.87,1.79,0.87
2026-07-13 04:20:00,229.22,0.68,0.85
2026-07-13 04:25:00,226.77,1.77,0.87
2026-07-13 04:30:00,227.53,0.63,0.83
2026-07-13 04:35:00,231.95,1.24,0.84
2026-07-13 04:40:00,228.48,0.41,0.86
2026-07-13 04:45:00,225.22,1.13,0.81
2026-07-13 04:50:00,225.29,1.6,0.83
2026-07-13 04:55:00,233.2,0.78,0.85
2026-07-13 05:00:00,233.18,0.81,0.84
2026-07-13 05:05:00,225.95,1.56,0.85
2026-07-13 05:10:00,230.2,1.07,0.83
2026-07-13 05:15:00,225.41,0.5,0.86
2026-07-13 05:20:00,226.9,0.42,0.82
2026-07-13 05:25:00,234.34,1.59,0.82
2026-07-13 05:30:00,226.59,1.27,0.86
2026-07-13 05:35:00,228.16,1.23,0.87
2026-07-13 05:40:00,226.09,0.76,0.83
2026-07-13 05:45:00,234.32,0.61,0.83
2026-07-13 05:50:00,226.84,0.56,0.86
2026-07-13 05:55:00,229.56,1.27,0.86
2026-07-13 06:00:00,227.49,0.53,0.81
2026-07-13 06:05:00,226.46,1.01,0.82
2026-07-13 06:10:00,229.15,1.68,0.87
2026-07-13 06:15:00,226.23,1.0,0.87
2026-07-13 06:20:00,229.28,1.62,0.87
2026-07-13 06:25:00,229.27,0.55,0.82
2026-07-13 06:30:00,234.74,1.28,0.82
2026-07-13 06:35:00,233.52,0.67,0.82
2026-07-13 06:40:00,230.29,1.76,0.85
2026-07-13 06:45:00,230.99,1.46,0.87
2026-07-13 06:50:00,234.24,1.46,0.81
2026-07-13 06:55:00,231.65,1.63,0.83
2026-07-13 07:00:00,231.34,1.14,0.81
2026-07-13 07:05:00,228.67,0.75,0.84
2026-07-13 07:10:00,229.63,0.77,0.8
2026-07-13 07:15:00,233.71,0.99,0.8
2026-07-13 07:20:00,228.27,1.66,0.82
2026-07-13 07:25:00,234.51,0.96,0.86
2026-07-13 07:30:00,228.6,0.65,0.85
2026-07-13 07:35:00,228.38,0.48,0.84
2026-07-13 07:40:00,228.81,1.07,0.83
2026-07-13 07:45:00,226.27,0.97,0.83
2026-07-13 07:50:00,230.43,0.58,0.82
2026-07-13 07:55:00,232.77,1.52,0.84
2026-07-13 08:00:00,229.38,1.5,0.81
2026-07-13 08:05:00,233.32,0.96,0.83
2026-07-13 08:10:00,228.37,0.81,0.83
2026-07-13 08:15:00,231.65,0.62,0.87
2026-07-13 08:20:00,228.84,0.91,0.81
2026-07-13 08:25:00,235.0,1.7,0.8
2026-07-13 08:30:00,226.92,1.29,0.83
2026-07-13 08:35:00,228.02,0.62,0.86
2026-07-13 08:40:00,232.94,1.33,0.83
2026-07-13 08:45:00,226.03,0.7,0.85
2026-07-13 08:50:00,233.22,0.86,0.83
2026-07-13 08:55:00,229.5,0.54,0.81
2026-07-13 09:00:00,233.6,0.97,0.82
2026-07-13 09:05:00,226.12,1.7,0.87
2026-07-13 09:10:00,227.14,1.04,0.82
2026-07-13 09:15:00,227.28,0.74,0.81
2026-07-13 09:20:00,225.27,0.53,0.87
2026-07-13 09:25:00,225.2,0.64,0.84
2026-07-13 09:30:00,226.45,0.78,0.87
2026-07-13 09:35:00,234.2,1.36,0.85
2026-07-13 09:40:00,233.94,1.11,0.81
2026-07-13 09:45:00,231.7,1.8,0.85
2026-07-13 09:50:00,226.04,1.32,0.82
2026-07-13 09:55:00,226.75,0.46,0.85
2026-07-13 10:00:00,234.93,6.9,0.95
2026-07-13 10:05:00,231.67,7.21,0.95
2026-07-13 10:10:00,230.88,8.27,0.96
2026-07-13 10:15:00,234.97,8.11,0.94
2026-07-13 10:20:00,233.13,7.23,0.95
2026-07-13 10:25:00,226.72,9.7,0.97
2026-07-13 10:30:00,229.54,9.47,0.98
2026-07-13 10:35:00,231.84,8.97,0.95
2026-07-13 10:40:00,230.86,4.11,0.94
2026-07-13 10:45:00,227.3,7.56,0.95
2026-07-13 10:50:00,226.41,8.35,0.95
2026-07-13 10:55:00,233.49,8.02,0.97
2026-07-13 11:00:00,227.54,4.63,0.97
2026-07-13 11:05:00,233.03,7.45,0.95
2026-07-13 11:10:00,233.28,8.24,0.95
2026-07-13 11:15:00,233.98,5.15,0.94
2026-07-13 11:20:00,227.33,6.21,0.97
2026-07-13 11:25:00,225.79,7.06,0.97
2026-07-13 11:30:00,232.53,6.61,0.92
2026-07-13 11:35:00,225.78,6.21,0.94
2026-07-13 11:40:00,228.39,9.98,0.93
2026-07-13 11:45:00,231.2,5.02,0.97
2026-07-13 11:50:00,229.08,8.64,0.95
2026-07-13 11:55:00,231.28,9.56,0.94
2026-07-13 12:00:00,225.05,7.01,0.94
2026-07-13 12:05:00,232.46,8.47,0.97
2026-07-13 12:10:00,232.9,8.92,0.95
2026-07-13 12:15:00,233.2,4.71,0.93
2026-07-13 12:20:00,234.63,6.05,0.97
2026-07-13 12:25:00,226.12,6.6,0.96
2026-07-13 12:30:00,229.87,5.3,0.97
2026-07-13 12:35:00,232.94,8.22,0.97
2026-07-13 12:40:00,231.96,4.37,0.96
2026-07-13 12:45:00,228.16,4.12,0.97
2026-07-13 12:50:00,231.69,5.05,0.98
2026-07-13 12:55:00,232.14,8.74,0.95
2026-07-13 13:00:00,225.36,4.91,0.94
2026-07-13 13:05:00,227.8,4.45,0.94
2026-07-13 13:10:00,232.2,9.96,0.93
2026-07-13 13:15:00,229.95,7.56,0.96
2026-07-13 13:20:00,230.66,5.02,0.96
2026-07-13 13:25:00,231.4,6.67,0.96
2026-07-13 13:30:00,230.46,8.87,0.95
2026-07-13 13:35:00,230.63,7.85,0.94
2026-07-13 13:40:00,228.95,5.62,0.97
2026-07-13 13:45:00,229.77,7.31,0.97
2026-07-13 13:50:00,225.01,9.05,0.96
2026-07-13 13:55:00,230.74,4.97,0.96
2026-07-13 14:00:00,226.07,8.21,0.98
2026-07-13 14:05:00,230.69,5.05,0.93
2026-07-13 14:10:00,228.03,7.0,0.93
2026-07-13 14:15:00,226.82,9.36,0.95
2026-07-13 14:20:00,225.43,5.45,0.93
2026-07-13 14:25:00,231.07,7.38,0.93
2026-07-13 14:30:00,232.26,5.94,0.95
2026-07-13 14:35:00,226.36,9.48,0.96
2026-07-13 14:40:00,226.9,7.87,0.97
2026-07-13 14:45:00,229.13,4.09,0.93
2026-07-13 14:50:00,232.04,6.95,0.97
2026-07-13 14:55:00,227.82,8.32,0.95
2026-07-13 15:00:00,234.62,7.18,0.96
2026-07-13 15:05:00,227.89,5.26,0.93
2026-07-13 15:10:00,229.53,4.95,0.96
2026-07-13 15:15:00,226.51,7.05,0.97
2026-07-13 15:20:00,226.31,4.7,0.97
2026-07-13 15:25:00,233.47,9.38,0.94
2026-07-13 15:30:00,229.19,5.49,0.94
2026-07-13 15:35:00,234.14,6.62,0.93
2026-07-13 15:40:00,228.3,4.31,0.96
2026-07-13 15:45:00,232.42,9.79,0.93
2026-07-13 15:50:00,231.48,8.58,0.97
2026-07-13 15:55:00,229.18,4.11,0.98
2026-07-13 16:00:00,226.76,9.43,0.92
2026-07-13 16:05:00,229.23,7.75,0.93
2026-07-13 16:10:00,227.29,9.38,0.95
2026-07-13 16:15:00,232.54,4.38,0.94
2026-07-13 16:20:00,230.66,7.83,0.98
2026-07-13 16:25:00,228.29,9.55,0.97
2026-07-13 16:30:00,230.04,5.92,0.95
2026-07-13 16:35:00,228.03,5.14,0.98
2026-07-13 16:40:00,234.34,6.09,0.93
2026-07-13 16:45:00,229.8,4.58,0.96
2026-07-13 16:50:00,228.41,8.97,0.95
2026-07-13 16:55:00,230.63,6.67,0.96
2026-07-13 17:00:00,227.18,5.75,0.97
2026-07-13 17:05:00,232.88,9.9,0.94
2026-07-13 17:10:00,232.92,8.15,0.97
2026-07-13 17:15:00,229.97,9.72,0.95
2026-07-13 17:20:00,228.89,7.69,0.97
2026-07-13 17:25:00,226.75,7.97,0.92
2026-07-13 17:30:00,230.53,9.82,0.96
2026-07-13 17:35:00,230.53,7.48,0.92
2026-07-13 17:40:00,233.02,4.55,0.93
2026-07-13 17:45:00,229.73,9.68,0.95
2026-07-13 17:50:00,233.1,5.81,0.97
2026-07-13 17:55:00,225.08,7.34,0.92
2026-07-13 18:00:00,231.14,4.37,0.93
2026-07-13 18:05:00,232.22,8.96,0.97
2026-07-13 18:10:00,234.88,5.89,0.96
2026-07-13 18:15:00,232.27,8.48,0.93
2026-07-13 18:20:00,234.25,4.86,0.98
2026-07-13 18:25:00,228.83,5.55,0.97
2026-07-13 18:30:00,230.97,5.42,0.94
2026-07-13 18:35:00,227.98,7.99,0.96
2026-07-13 18:40:00,234.3,4.76,0.96
2026-07-13 18:45:00,234.4,9.9,0.94
2026-07-13 18:50:00,229.11,7.53,0.93
2026-07-13 18:55:00,231.24,4.57,0.93
2026-07-13 19:00:00,231.23,3.76,0.92
2026-07-13 19:05:00,230.15,5.61,0.92
2026-07-13 19:10:00,232.73,5.58,0.9
2026-07-13 19:15:00,225.95,3.99,0.94
2026-07-13 19:20:00,233.14,4.25,0.92
2026-07-13 19:25:00,230.24,3.82,0.94
2026-07-13 19:30:00,230.87,4.99,0.9
2026-07-13 19:35:00,227.61,2.86,0.93
2026-07-13 19:40:00,230.97,5.78,0.92
2026-07-13 19:45:00,232.05,5.19,0.92
2026-07-13 19:50:00,226.91,3.03,0.89
2026-07-13 19:55:00,229.25,5.98,0.91
2026-07-13 20:00:00,225.68,4.55,0.89
2026-07-13 20:05:00,228.12,4.59,0.9
2026-07-13 20:10:00,227.46,3.45,0.94
2026-07-13 20:15:00,229.64,3.54,0.93
2026-07-13 20:20:00,226.04,5.11,0.9
2026-07-13 20:25:00,230.89,2.82,0.94
2026-07-13 20:30:00,226.56,2.83,0.92
2026-07-13 20:35:00,225.96,3.15,0.94
2026-07-13 20:40:00,233.78,4.07,0.88
2026-07-13 20:45:00,232.61,5.13,0.94
2026-07-13 20:50:00,227.07,2.59,0.88
2026-07-13 20:55:00,231.81,4.79,0.93
2026-07-13 21:00:00,232.32,5.71,0.9
2026-07-13 21:05:00,226.31,4.58,0.9
2026-07-13 21:10:00,234.83,3.72,0.94
2026-07-13 21:15:00,232.62,5.13,0.92
2026-07-13 21:20:00,230.37,5.04,0.9
2026-07-13 21:25:00,231.63,3.45,0.89
2026-07-13 21:30:00,228.33,3.17,0.91
2026-07-13 21:35:00,225.78,4.7,0.94
2026-07-13 21:40:00,233.03,2.97,0.91
2026-07-13 21:45:00,225.99,3.33,0.91
2026-07-13 21:50:00,233.07,5.79,0.94
2026-07-13 21:55:00,234.07,5.15,0.91
2026-07-13 22:00:00,228.73,4.53,0.91
2026-07-13 22:05:00,225.42,3.04,0.89
2026-07-13 22:10:00,230.1,5.14,0.9
2026-07-13 22:15:00,226.29,4.24,0.9
2026-07-13 22:20:00,232.86,4.25,0.92
2026-07-13 22:25:00,227.48,3.66,0.9
2026-07-13 22:30:00,229.76,4.65,0.9
2026-07-13 22:35:00,229.93,4.19,0.9
2026-07-13 22:40:00,229.06,5.56,0.89
2026-07-13 22:45:00,230.7,4.59,0.92
2026-07-13 22:50:00,225.05,5.69,0.89
2026-07-13 22:55:00,225.63,3.37,0.92
2026-07-13 23:00:00,233.83,3.87,0.93
2026-07-13 23:05:00,225.99,3.51,0.92
2026-07-13 23:10:00,228.52,2.74,0.93
2026-07-13 23:15:00,234.33,3.75,0.92
2026-07-13 23:20:00,229.42,3.0,0.9
2026-07-13 23:25:00,229.07,5.12,0.89
2026-07-13 23:30:00,227.57,2.78,0.92
2026-07-13 23:35:00,232.23,5.2,0.89
2026-07-13 23:40:00,233.24,3.28,0.92
2026-07-13 23:45:00,227.97,5.82,0.92
2026-07-13 23:50:00,229.14,2.63,0.89
2026-07-13 23:55:00,229.08,5.09,0.93
2026-07-14 00:00:00,229.83,1.09,0.83
2026-07-14 00:05:00,232.58,0.82,0.81
2026-07-14 00:10:00,229.5,1.22,0.81
2026-07-14 00:15:00,231.07,0.46,0.81
2026-07-14 00:20:00,233.63,0.56,0.83
2026-07-14 00:25:00,226.65,0.62,0.84
2026-07-14 00:30:00,232.07,1.09,0.8
2026-07-14 00:35:00,229.84,1.61,0.86
2026-07-14 00:40:00,233.32,1.45,0.85
2026-07-14 00:45:00,234.87,1.59,0.86
2026-07-14 00:50:00,226.48,1.7,0.81
2026-07-14 00:55:00,228.87,1.57,0.84
2026-07-14 01:00:00,227.23,0.77,0.8
2026-07-14 01:05:00,227.8,0.78,0.83
2026-07-14 01:10:00,230.42,1.28,0.84
2026-07-14 01:15:00,228.1,0.47,0.86
2026-07-14 01:20:00,231.7,0.47,0.82
2026-07-14 01:25:00,230.66,1.2,0.86
2026-07-14 01:30:00,231.68,1.3,0.81
2026-07-14 01:35:00,231.72,0.58,0.85
2026-07-14 01:40:00,230.25,1.79,0.81
2026-07-14 01:45:00,227.06,1.16,0.85
2026-07-14 01:50:00,226.19,0.88,0.85
2026-07-14 01:55:00,233.62,0.61,0.87
2026-07-14 02:00:00,226.72,1.43,0.82
2026-07-14 02:05:00,228.17,1.6,0.87
2026-07-14 02:10:00,229.59,1.73,0.8
2026-07-14 02:15:00,230.29,1.29,0.82
2026-07-14 02:20:00,226.67,0.51,0.85
2026-07-14 02:25:00,230.21,1.0,0.81
2026-07-14 02:30:00,225.1,0.75,0.84
2026-07-14 02:35:00,226.7,1.53,0.87
2026-07-14 02:40:00,226.95,1.71,0.8
2026-07-14 02:45:00,232.4,1.54,0.88
2026-07-14 02:50:00,225.53,0.83,0.81
2026-07-14 02:55:00,230.59,0.99,0.84
2026-07-14 03:00:00,233.47,1.78,0.87
2026-07-14 03:05:00,228.01,0.81,0.82
2026-07-14 03:10:00,234.21,0.47,0.85
2026-07-14 03:15:00,229.82,0.96,0.86
2026-07-14 03:20:00,232.13,1.35,0.86
2026-07-14 03:25:00,232.11,1.08,0.85
2026-07-14 03:30:00,234.82,0.76,0.82
2026-07-14 03:35:00,230.44,1.41,0.83
2026-07-14 03:40:00,230.52,1.39,0.81
2026-07-14 03:45:00,230.03,1.03,0.88
2026-07-14 03:50:00,225.2,1.28,0.86
2026-07-14 03:55:00,234.41,0.94,0.84
2026-07-14 04:00:00,227.02,1.01,0.86
2026-07-14 04:05:00,227.88,1.1,0.82
2026-07-14 04:10:00,227.4,1.38,0.85
2026-07-14 04:15:00,233.4,1.32,0.83
2026-07-14 04:20:00,234.98,0.62,0.82
2026-07-14 04:25:00,225.59,1.1,0.8
2026-07-14 04:30:00,227.84,0.48,0.88
2026-07-14 04:35:00,232.17,1.61,0.82
2026-07-14 04:40:00,230.18,1.06,0.85
2026-07-14 04:45:00,226.78,1.5,0.85
2026-07-14 04:50:00,234.15,1.46,0.83
2026-07-14 04:55:00,227.93,0.41,0.88
2026-07-14 05:00:00,226.76,0.94,0.85
2026-07-14 05:05:00,227.34,0.66,0.82
2026-07-14 05:10:00,234.35,0.63,0.82
2026-07-14 05:15:00,234.51,0.68,0.86
2026-07-14 05:20:00,233.3,0.74,0.81
2026-07-14 05:25:00,228.3,1.43,0.8
2026-07-14 05:30:00,226.0,0.55,0.83
2026-07-14 05:35:00,232.51,0.84,0.81
2026-07-14 05:40:00,227.84,1.28,0.84
2026-07-14 05:45:00,227.55,0.42,0.85
2026-07-14 05:50:00,232.27,1.39,0.84
2026-07-14 05:55:00,225.53,1.65,0.85
2026-07-14 06:00:00,225.24,1.15,0.84
2026-07-14 06:05:00,226.25,1.69,0.86
2026-07-14 06:10:00,231.4,0.73,0.84
2026-07-14 06:15:00,233.26,0.8,0.82
2026-07-14 06:20:00,228.4,0.64,0.82
2026-07-14 06:25:00,233.99,1.33,0.81
2026-07-14 06:30:00,229.08,0.74,0.85
2026-07-14 06:35:00,226.47,0.57,0.82
2026-07-14 06:40:00,225.66,0.52,0.85
2026-07-14 06:45:00,226.44,1.68,0.86
2026-07-14 06:50:00,228.06,0.77,0.8
2026-07-14 06:55:00,232.36,1.03,0.86
2026-07-14 07:00:00,232.96,1.26,0.82
2026-07-14 07:05:00,232.91,0.73,0.84
2026-07-14 07:10:00,227.87,0.88,0.8
2026-07-14 07:15:00,229.02,0.6,0.88
2026-07-14 07:20:00,227.43,0.41,0.83
2026-07-14 07:25:00,226.13,1.39,0.85
2026-07-14 07:30:00,225.55,1.4,0.83
2026-07-14 07:35:00,226.39,1.18,0.84
2026-07-14 07:40:00,226.75,1.69,0.87
2026-07-14 07:45:00,227.66,1.53,0.82
2026-07-14 07:50:00,226.71,1.29,0.86
2026-07-14 07:55:00,226.51,1.08,0.82
2026-07-14 08:00:00,228.98,1.27,0.87
2026-07-14 08:05:00,227.41,0.97,0.82
2026-07-14 08:10:00,227.64,1.41,0.83
2026-07-14 08:15:00,229.45,0.5,0.85
2026-07-14 08:20:00,227.97,0.72,0.84
2026-07-14 08:25:00,229.44,1.18,0.83
2026-07-14 08:30:00,229.27,0.94,0.85
2026-07-14 08:35:00,226.62,1.4,0.83
2026-07-14 08:40:00,229.94,1.45,0.84
2026-07-14 08:45:00,231.95,0.42,0.87
2026-07-14 08:50:00,232.41,0.48,0.86
2026-07-14 08:55:00,225.29,0.9,0.84
2026-07-14 09:00:00,225.47,1.77,0.86
2026-07-14 09:05:00,232.03,1.6,0.85
2026-07-14 09:10:00,230.22,1.55,0.84
2026-07-14 09:15:00,230.11,0.48,0.81
2026-07-14 09:20:00,225.55,1.59,0.86
2026-07-14 09:25:00,231.28,0.57,0.85
2026-07-14 09:30:00,229.19,1.07,0.87
2026-07-14 09:35:00,228.34,0.51,0.81
2026-07-14 09:40:00,228.34,1.54,0.81
2026-07-14 09:45:00,230.09,1.08,0.84
2026-07-14 09:50:00,227.19,1.08,0.84
2026-07-14 09:55:00,231.63,0.54,0.86
2026-07-14 10:00:00,226.43,5.01,0.93
2026-07-14 10:05:00,227.41,7.6,0.93
2026-07-14 10:10:00,232.92,8.36,0.97
2026-07-14 10:15:00,229.57,5.07,0.94
2026-07-14 10:20:00,227.5,6.48,0.97
2026-07-14 10:25:00,228.0,8.45,0.96
2026-07-14 10:30:00,227.85,8.68,0.93
2026-07-14 10:35:00,234.63,8.26,0.92
2026-07-14 10:40:00,228.39,9.97,0.93
2026-07-14 10:45:00,231.93,6.3,0.96
2026-07-14 10:50:00,230.4,5.85,0.98
2026-07-14 10:55:00,228.77,4.99,0.95
2026-07-14 11:00:00,228.94,6.94,0.96
2026-07-14 11:05:00,234.38,4.6,0.96
2026-07-14 11:10:00,234.66,5.4,0.97
2026-07-14 11:15:00,234.81,9.89,0.94
2026-07-14 11:20:00,233.48,4.57,0.97
2026-07-14 11:25:00,234.61,4.16,0.95
2026-07-14 11:30:00,228.56,5.45,0.95
2026-07-14 11:35:00,226.89,6.83,0.92
2026-07-14 11:40:00,227.47,6.77,0.93
2026-07-14 11:45:00,234.64,5.01,0.93
2026-07-14 11:50:00,227.8,6.52,0.94
2026-07-14 11:55:00,233.34,8.93,0.98
2026-07-14 12:00:00,227.54,5.89,0.96
2026-07-14 12:05:00,232.33,6.2,0.98
2026-07-14 12:10:00,234.86,5.76,0.92
2026-07-14 12:15:00,225.45,9.34,0.95
2026-07-14 12:20:00,233.19,8.47,0.98
2026-07-14 12:25:00,229.88,8.77,0.94
2026-07-14 12:30:00,228.38,6.96,0.94
2026-07-14 12:35:00,231.49,5.67,0.92
2026-07-14 12:40:00,227.66,4.6,0.93
2026-07-14 12:45:00,229.9,6.63,0.96
2026-07-14 12:50:00,228.41,9.95,0.96
2026-07-14 12:55:00,233.32,4.85,0.97
2026-07-14 13:00:00,225.75,8.43,0.94
2026-07-14 13:05:00,227.33,6.8,0.94
2026-07-14 13:10:00,228.79,7.91,0.94
2026-07-14 13:15:00,228.52,6.22,0.93
2026-07-14 13:20:00,228.89,9.97,0.94
2026-07-14 13:25:00,234.49,8.61,0.96
2026-07-14 13:30:00,231.73,6.29,0.93
2026-07-14 13:35:00,228.29,8.84,0.93
2026-07-14 13:40:00,226.82,6.56,0.97
2026-07-14 13:45:00,227.17,5.79,0.97
2026-07-14 13:50:00,229.44,6.61,0.97
2026-07-14 13:55:00,225.99,5.13,0.95
2026-07-14 14:00:00,232.65,4.4,0.96
2026-07-14 14:05:00,234.23,4.33,0.92
2026-07-14 14:10:00,228.69,5.6,0.98
2026-07-14 14:15:00,233.69,4.38,0.98
2026-07-14 14:20:00,231.29,5.26,0.92
2026-07-14 14:25:00,226.61,9.4,0.92
2026-07-14 14:30:00,230.34,7.26,0.95
2026-07-14 14:35:00,231.77,4.96,0.92
2026-07-14 14:40:00,234.3,9.47,0.96
2026-07-14 14:45:00,227.5,5.99,0.94
2026-07-14 14:50:00,231.96,8.57,0.97
2026-07-14 14:55:00,231.84,7.46,0.95
2026-07-14 15:00:00,231.64,8.45,0.92
2026-07-14 15:05:00,232.12,6.99,0.95
2026-07-14 15:10:00,231.11,4.93,0.94
2026-07-14 15:15:00,226.62,8.57,0.93
2026-07-14 15:20:00,232.23,9.28,0.94
2026-07-14 15:25:00,227.04,7.57,0.93
2026-07-14 15:30:00,225.8,8.94,0.96
2026-07-14 15:35:00,234.23,4.28,0.92
2026-07-14 15:40:00,229.38,8.82,0.95
2026-07-14 15:45:00,228.18,8.9,0.98
2026-07-14 15:50:00,232.87,6.9,0.93
2026-07-14 15:55:00,234.56,5.06,0.97
2026-07-14 16:00:00,230.43,4.1,0.93
2026-07-14 16:05:00,230.83,7.48,0.95
2026-07-14 16:10:00,234.33,4.89,0.97
2026-07-14 16:15:00,228.22,6.12,0.98
2026-07-14 16:20:00,233.26,8.59,0.94
2026-07-14 16:25:00,229.92,4.42,0.93
2026-07-14 16:30:00,226.3,7.31,0.97
2026-07-14 16:35:00,228.38,9.46,0.96
2026-07-14 16:40:00,229.89,9.99,0.93
2026-07-14 16:45:00,234.77,4.81,0.94
2026-07-14 16:50:00,226.87,9.38,0.93
2026-07-14 16:55:00,230.8,5.73,0.94
2026-07-14 17:00:00,234.78,8.03,0.94
2026-07-14 17:05:00,229.3,5.57,0.92
2026-07-14 17:10:00,231.68,5.15,0.93
2026-07-14 17:15:00,233.38,9.82,0.96
2026-07-14 17:20:00,228.66,6.49,0.92
2026-07-14 17:25:00,229.2,7.78,0.94
2026-07-14 17:30:00,230.68,7.82,0.94
2026-07-14 17:35:00,229.43,7.46,0.93
2026-07-14 17:40:00,229.47,8.93,0.95
2026-07-14 17:45:00,229.19,8.54,0.92
2026-07-14 17:50:00,231.08,5.5,0.93
2026-07-14 17:55:00,230.3,9.56,0.94
2026-07-14 18:00:00,231.71,8.02,0.97
2026-07-14 18:05:00,230.07,8.47,0.98
2026-07-14 18:10:00,230.29,9.38,0.94
2026-07-14 18:15:00,228.91,5.27,0.95
2026-07-14 18:20:00,227.09,5.73,0.93
2026-07-14 18:25:00,228.82,7.39,0.96
2026-07-14 18:30:00,229.73,4.13,0.94
2026-07-14 18:35:00,233.2,6.19,0.93
2026-07-14 18:40:00,230.19,4.83,0.95
2026-07-14 18:45:00,232.63,8.38,0.98
2026-07-14 18:50:00,225.72,4.15,0.94
2026-07-14 18:55:00,227.92,6.64,0.95
2026-07-14 19:00:00,231.89,4.18,0.91
2026-07-14 19:05:00,230.72,4.9,0.92
2026-07-14 19:10:00,226.83,4.61,0.92
2026-07-14 19:15:00,229.62,3.15,0.88
2026-07-14 19:20:00,233.16,5.97,0.92
2026-07-14 19:25:00,231.74,3.91,0.91
2026-07-14 19:30:00,226.83,5.83,0.94
2026-07-14 19:35:00,232.28,5.8,0.92
2026-07-14 19:40:00,231.44,5.64,0.89
2026-07-14 19:45:00,232.97,3.07,0.93
2026-07-14 19:50:00,233.59,4.68,0.91
2026-07-14 19:55:00,226.08,3.57,0.89
2026-07-14 20:00:00,233.36,5.13,0.89
2026-07-14 20:05:00,233.63,5.89,0.91
2026-07-14 20:10:00,231.83,3.53,0.92
2026-07-14 20:15:00,231.44,2.71,0.89
2026-07-14 20:20:00,233.63,5.73,0.89
2026-07-14 20:25:00,230.07,3.28,0.88
2026-07-14 20:30:00,231.0,5.66,0.91
2026-07-14 20:35:00,226.21,3.11,0.93
2026-07-14 20:40:00,234.83,4.8,0.92
2026-07-14 20:45:00,232.81,3.8,0.9
2026-07-14 20:50:00,228.02,5.09,0.93
2026-07-14 20:55:00,230.51,4.4,0.88
2026-07-14 21:00:00,234.74,3.51,0.89
2026-07-14 21:05:00,233.74,3.26,0.89
2026-07-14 21:10:00,225.71,3.71,0.92
2026-07-14 21:15:00,232.18,5.03,0.9
2026-07-14 21:20:00,232.02,4.81,0.94
2026-07-14 21:25:00,232.68,3.01,0.93
2026-07-14 21:30:00,226.27,4.85,0.91
2026-07-14 21:35:00,233.47,3.7,0.91
2026-07-14 21:40:00,230.65,5.1,0.9
2026-07-14 21:45:00,227.15,2.58,0.92
2026-07-14 21:50:00,228.03,3.81,0.89
2026-07-14 21:55:00,228.06,4.78,0.9
2026-07-14 22:00:00,227.16,5.44,0.89
2026-07-14 22:05:00,226.67,3.44,0.92
2026-07-14 22:10:00,228.49,4.5,0.9
2026-07-14 22:15:00,232.09,4.7,0.94
2026-07-14 22:20:00,234.71,5.9,0.91
2026-07-14 22:25:00,225.91,5.21,0.89
2026-07-14 22:30:00,230.9,5.75,0.91
2026-07-14 22:35:00,233.27,2.74,0.9
2026-07-14 22:40:00,225.59,4.12,0.9
2026-07-14 22:45:00,227.19,3.07,0.9
2026-07-14 22:50:00,227.56,3.05,0.94
2026-07-14 22:55:00,225.58,5.22,0.9
2026-07-14 23:00:00,230.2,4.78,0.91
2026-07-14 23:05:00,225.65,5.57,0.91
2026-07-14 23:10:00,231.65,5.63,0.89
2026-07-14 23:15:00,233.44,2.85,0.94
2026-07-14 23:20:00,226.41,5.16,0.91
2026-07-14 23:25:00,227.11,4.76,0.88
2026-07-14 23:30:00,229.04,2.59,0.93
2026-07-14 23:35:00,225.53,5.01,0.91
2026-07-14 23:40:00,228.92,4.26,0.89
2026-07-14 23:45:00,232.52,3.22,0.91
2026-07-14 23:50:00,227.15,2.62,0.91
2026-07-14 23:55:00,226.42,5.92,0.91
2026-07-15 00:00:00,231.15,0.91,0.83
2026-07-15 00:05:00,226.98,0.42,0.83
2026-07-15 00:10:00,234.48,0.52,0.85
2026-07-15 00:15:00,226.87,0.51,0.84
2026-07-15 00:20:00,228.92,1.11,0.87
2026-07-15 00:25:00,230.53,0.94,0.86
2026-07-15 00:30:00,229.54,1.73,0.85
2026-07-15 00:35:00,225.04,1.27,0.82
2026-07-15 00:40:00,231.96,1.41,0.85
2026-07-15 00:45:00,227.04,1.25,0.85
2026-07-15 00:50:00,226.71,0.78,0.8
2026-07-15 00:55:00,230.08,1.06,0.83
2026-07-15 01:00:00,233.19,0.64,0.83
2026-07-15 01:05:00,228.87,1.8,0.86
2026-07-15 01:10:00,226.79,1.7,0.83
2026-07-15 01:15:00,229.29,1.47,0.85
2026-07-15 01:20:00,233.31,1.21,0.88
2026-07-15 01:25:00,227.68,1.59,0.8
2026-07-15 01:30:00,232.69,1.41,0.81
2026-07-15 01:35:00,228.01,0.82,0.88
2026-07-15 01:40:00,230.14,1.37,0.81
2026-07-15 01:45:00,233.42,1.17,0.8
2026-07-15 01:50:00,233.48,1.53,0.88
2026-07-15 01:55:00,234.51,0.54,0.83
2026-07-15 02:00:00,229.26,1.74,0.86
2026-07-15 02:05:00,232.1,0.75,0.85
2026-07-15 02:10:00,225.06,1.61,0.83
2026-07-15 02:15:00,225.83,0.84,0.8
2026-07-15 02:20:00,225.34,1.41,0.85
2026-07-15 02:25:00,233.02,0.79,0.87
2026-07-15 02:30:00,233.4,0.43,0.83
2026-07-15 02:35:00,234.47,0.46,0.85
2026-07-15 02:40:00,231.4,0.6,0.86
2026-07-15 02:45:00,227.79,1.53,0.84
2026-07-15 02:50:00,232.7,1.66,0.8
2026-07-15 02:55:00,231.22,1.53,0.82
2026-07-15 03:00:00,227.47,1.55,0.84
2026-07-15 03:05:00,234.38,1.58,0.8
2026-07-15 03:10:00,226.87,1.13,0.86
2026-07-15 03:15:00,227.57,0.61,0.84
2026-07-15 03:20:00,225.85,1.05,0.86
2026-07-15 03:25:00,234.38,1.24,0.83
2026-07-15 03:30:00,226.27,0.75,0.84
2026-07-15 03:35:00,225.66,1.69,0.88
2026-07-15 03:40:00,229.8,0.84,0.84
2026-07-15 03:45:00,233.58,1.67,0.84
2026-07-15 03:50:00,228.56,1.44,0.85
2026-07-15 03:55:00,225.94,1.29,0.88
2026-07-15 04:00:00,229.4,1.05,0.83
2026-07-15 04:05:00,229.45,1.29,0.87
2026-07-15 04:10:00,226.39,0.8,0.86
2026-07-15 04:15:00,229.41,0.8,0.84
2026-07-15 04:20:00,233.9,0.56,0.87
2026-07-15 04:25:00,226.45,0.89,0.87
2026-07-15 04:30:00,232.03,1.04,0.87
2026-07-15 04:35:00,229.86,0.47,0.87
2026-07-15 04:40:00,234.3,1.12,0.82
2026-07-15 04:45:00,234.46,1.26,0.85
2026-07-15 04:50:00,232.21,0.6,0.8
2026-07-15 04:55:00,227.62,0.46,0.81
2026-07-15 05:00:00,234.42,1.16,0.83
2026-07-15 05:05:00,228.03,0.56,0.87
2026-07-15 05:10:00,225.65,1.35,0.82
2026-07-15 05:15:00,231.07,0.56,0.82
2026-07-15 05:20:00,231.73,0.78,0.83
2026-07-15 05:25:00,228.45,0.99,0.83
2026-07-15 05:30:00,233.0,1.34,0.84
2026-07-15 05:35:00,228.52,0.6,0.88
2026-07-15 05:40:00,226.27,1.16,0.82
2026-07-15 05:45:00,228.9,1.68,0.85
2026-07-15 05:50:00,229.88,0.91,0.85
2026-07-15 05:55:00,229.56,1.08,0.82
2026-07-15 06:00:00,225.32,1.5,0.86
2026-07-15 06:05:00,231.81,1.76,0.88
2026-07-15 06:10:00,225.47,1.34,0.88
2026-07-15 06:15:00,230.58,1.0,0.85
2026-07-15 06:20:00,229.45,0.72,0.87
2026-07-15 06:25:00,226.11,1.77,0.87
2026-07-15 06:30:00,230.1,1.56,0.81
2026-07-15 06:35:00,227.82,1.14,0.86
2026-07-15 06:40:00,226.93,1.43,0.84
2026-07-15 06:45:00,229.82,1.47,0.87
2026-07-15 06:50:00,226.65,1.63,0.81
2026-07-15 06:55:00,227.56,1.14,0.82
2026-07-15 07:00:00,230.38,1.13,0.83
2026-07-15 07:05:00,228.28,1.62,0.8
2026-07-15 07:10:00,226.69,1.79,0.8
2026-07-15 07:15:00,227.2,0.48,0.82
2026-07-15 07:20:00,227.83,0.82,0.85
2026-07-15 07:25:00,229.77,1.8,0.81
2026-07-15 07:30:00,226.76,0.66,0.86
2026-07-15 07:35:00,225.97,1.38,0.84
2026-07-15 07:40:00,231.15,1.02,0.83
2026-07-15 07:45:00,234.39,0.96,0.83
2026-07-15 07:50:00,227.7,1.8,0.85
2026-07-15 07:55:00,233.22,1.22,0.83
2026-07-15 08:00:00,226.48,1.02,0.85
2026-07-15 08:05:00,225.92,1.49,0.82
2026-07-15 08:10:00,229.88,0.72,0.88
2026-07-15 08:15:00,233.56,0.52,0.84
2026-07-15 08:20:00,225.16,1.16,0.82
2026-07-15 08:25:00,229.2,1.47,0.83
2026-07-15 08:30:00,227.39,0.97,0.87
2026-07-15 08:35:00,228.66,0.72,0.86
2026-07-15 08:40:00,228.67,0.63,0.85
2026-07-15 08:45:00,232.95,1.32,0.82
2026-07-15 08:50:00,231.42,1.17,0.85
2026-07-15 08:55:00,230.39,0.56,0.81
2026-07-15 09:00:00,228.33,0.98,0.81
2026-07-15 09:05:00,227.75,1.04,0.85
2026-07-15 09:10:00,233.77,1.51,0.83
2026-07-15 09:15:00,225.04,0.58,0.82
2026-07-15 09:20:00,229.87,1.47,0.87
2026-07-15 09:25:00,227.6,1.5,0.83
2026-07-15 09:30:00,233.58,0.58,0.81
2026-07-15 09:35:00,231.91,1.12,0.83
2026-07-15 09:40:00,233.56,1.17,0.83
2026-07-15 09:45:00,232.92,0.6,0.81
2026-07-15 09:50:00,227.03,0.65,0.84
2026-07-15 09:55:00,232.24,1.68,0.88
2026-07-15 10:00:00,231.41,9.02,0.93
2026-07-15 10:05:00,231.28,4.91,0.94
2026-07-15 10:10:00,231.76,6.04,0.97
2026-07-15 10:15:00,229.24,8.27,0.92
2026-07-15 10:20:00,225.65,9.32,0.98
2026-07-15 10:25:00,228.16,6.91,0.97
2026-07-15 10:30:00,233.93,4.03,0.96
2026-07-15 10:35:00,226.77,8.84,0.98
2026-07-15 10:40:00,229.94,6.7,0.94
2026-07-15 10:45:00,227.02,9.53,0.95
2026-07-15 10:50:00,234.87,4.6,0.93
2026-07-15 10:55:00,226.57,4.3,0.97
2026-07-15 11:00:00,228.44,5.64,0.93
2026-07-15 11:05:00,229.83,8.98,0.95
2026-07-15 11:10:00,232.5,6.57,0.94
2026-07-15 11:15:00,232.69,8.09,0.97
2026-07-15 11:20:00,228.41,5.38,0.93
2026-07-15 11:25:00,227.45,6.14,0.97
2026-07-15 11:30:00,234.1,9.42,0.97
2026-07-15 11:35:00,233.37,5.08,0.95
2026-07-15 11:40:00,227.35,6.1,0.94
2026-07-15 11:45:00,228.61,6.62,0.94
2026-07-15 11:50:00,231.83,6.25,0.96
2026-07-15 11:55:00,225.35,4.93,0.95
2026-07-15 12:00:00,232.9,6.05,0.94
2026-07-15 12:05:00,229.57,6.72,0.93
2026-07-15 12:10:00,230.74,9.55,0.96
2026-07-15 12:15:00,227.59,8.72,0.94
2026-07-15 12:20:00,233.32,4.75,0.97
2026-07-15 12:25:00,234.55,5.42,0.95
2026-07-15 12:30:00,227.08,8.55,0.97
2026-07-15 12:35:00,226.57,8.8,0.93
2026-07-15 12:40:00,228.62,5.93,0.94
2026-07-15 12:45:00,226.28,8.46,0.93
2026-07-15 12:50:00,229.61,7.05,0.95
2026-07-15 12:55:00,227.35,8.03,0.93
2026-07-15 13:00:00,233.08,9.81,0.94
2026-07-15 13:05:00,233.18,8.31,0.93
2026-07-15 13:10:00,229.62,6.63,0.95
2026-07-15 13:15:00,229.11,5.68,0.98
2026-07-15 13:20:00,230.07,6.03,0.96
2026-07-15 13:25:00,230.2,4.51,0.93
2026-07-15 13:30:00,229.91,9.22,0.93
2026-07-15 13:35:00,231.86,9.03,0.94
2026-07-15 13:40:00,230.88,8.57,0.97
2026-07-15 13:45:00,230.2,4.45,0.98
2026-07-15 13:50:00,226.69,8.08,0.93
2026-07-15 13:55:00,234.94,6.71,0.92
2026-07-15 14:00:00,228.96,6.29,0.94
2026-07-15 14:05:00,233.52,9.95,0.95
2026-07-15 14:10:00,232.16,5.91,0.96
2026-07-15 14:15:00,225.13,7.25,0.95
2026-07-15 14:20:00,232.77,8.59,0.94
2026-07-15 14:25:00,226.55,4.61,0.93
2026-07-15 14:30:00,228.98,6.51,0.97
2026-07-15 14:35:00,233.16,4.43,0.95
2026-07-15 14:40:00,225.13,4.61,0.97
2026-07-15 14:45:00,225.64,9.07,0.96
2026-07-15 14:50:00,227.86,9.66,0.95
2026-07-15 14:55:00,225.2,7.84,0.93
2026-07-15 15:00:00,231.25,4.47,0.98
2026-07-15 15:05:00,225.84,4.92,0.92
2026-07-15 15:10:00,225.49,8.74,0.92
2026-07-15 15:15:00,230.11,5.24,0.94
2026-07-15 15:20:00,229.92,9.87,0.92
2026-07-15 15:25:00,233.7,8.29,0.97
2026-07-15 15:30:00,231.54,8.1,0.97
2026-07-15 15:35:00,227.98,7.31,0.97
2026-07-15 15:40:00,232.81,5.03,0.98
2026-07-15 15:45:00,227.88,4.2,0.96
2026-07-15 15:50:00,227.9,9.22,0.92
2026-07-15 15:55:00,232.86,6.91,0.96
2026-07-15 16:00:00,233.07,6.91,0.94
2026-07-15 16:05:00,234.31,7.76,0.95
2026-07-15 16:10:00,226.58,6.52,0.93
2026-07-15 16:15:00,230.35,8.91,0.97
2026-07-15 16:20:00,233.1,6.12,0.93
2026-07-15 16:25:00,229.62,7.32,0.95
2026-07-15 16:30:00,228.92,4.84,0.98
2026-07-15 16:35:00,225.97,8.1,0.96
2026-07-15 16:40:00,226.01,7.05,0.96
2026-07-15 16:45:00,233.36,9.48,0.97
2026-07-15 16:50:00,226.31,7.25,0.95
2026-07-15 16:55:00,234.63,4.54,0.95
2026-07-15 17:00:00,230.53,5.22,0.94
2026-07-15 17:05:00,228.61,6.82,0.96
2026-07-15 17:10:00,234.51,8.07,0.98
2026-07-15 17:15:00,231.56,9.54,0.94
2026-07-15 17:20:00,232.0,4.18,0.92
2026-07-15 17:25:00,229.93,7.91,0.95
2026-07-15 17:30:00,228.99,9.21,0.96
2026-07-15 17:35:00,233.41,8.65,0.97
2026-07-15 17:40:00,229.56,5.87,0.93
2026-07-15 17:45:00,234.4,4.27,0.97
2026-07-15 17:50:00,232.26,7.0,0.96
2026-07-15 17:55:00,229.53,4.02,0.95
2026-07-15 18:00:00,233.3,4.86,0.94
2026-07-15 18:05:00,225.34,6.58,0.95
2026-07-15 18:10:00,233.36,5.16,0.95
2026-07-15 18:15:00,228.53,7.08,0.94
2026-07-15 18:20:00,225.31,8.41,0.94
2026-07-15 18:25:00,225.92,9.13,0.97
2026-07-15 18:30:00,227.93,6.13,0.98
2026-07-15 18:35:00,234.67,8.81,0.94
2026-07-15 18:40:00,230.06,7.75,0.98
2026-07-15 18:45:00,229.39,9.02,0.95
2026-07-15 18:50:00,232.8,8.82,0.97
2026-07-15 18:55:00,226.14,9.46,0.96
2026-07-15 19:00:00,233.33,3.06,0.93
2026-07-15 19:05:00,234.12,3.05,0.91
2026-07-15 19:10:00,230.31,4.14,0.91
2026-07-15 19:15:00,226.97,4.95,0.93
2026-07-15 19:20:00,231.35,4.89,0.92
2026-07-15 19:25:00,228.44,5.1,0.9
2026-07-15 19:30:00,234.01,5.85,0.94
2026-07-15 19:35:00,226.27,5.04,0.89
2026-07-15 19:40:00,232.7,5.63,0.9
2026-07-15 19:45:00,229.93,3.41,0.92
2026-07-15 19:50:00,230.27,5.65,0.89
2026-07-15 19:55:00,233.08,4.58,0.93
2026-07-15 20:00:00,230.71,2.63,0.93
2026-07-15 20:05:00,225.38,4.49,0.89
2026-07-15 20:10:00,231.09,4.21,0.89
2026-07-15 20:15:00,227.86,5.45,0.88
2026-07-15 20:20:00,232.68,4.89,0.89
2026-07-15 20:25:00,233.51,4.36,0.94
2026-07-15 20:30:00,227.8,2.98,0.9
2026-07-15 20:35:00,229.62,5.84,0.92
2026-07-15 20:40:00,232.83,5.73,0.92
2026-07-15 20:45:00,226.42,5.92,0.88
2026-07-15 20:50:00,231.07,2.53,0.92
2026-07-15 20:55:00,234.8,5.79,0.93
2026-07-15 21:00:00,234.08,5.57,0.88
2026-07-15 21:05:00,226.08,2.86,0.93
2026-07-15 21:10:00,226.54,3.97,0.92
2026-07-15 21:15:00,230.61,5.42,0.93
2026-07-15 21:20:00,233.73,2.58,0.9
2026-07-15 21:25:00,230.77,4.02,0.91
2026-07-15 21:30:00,226.0,4.33,0.9
2026-07-15 21:35:00,233.09,5.64,0.91
2026-07-15 21:40:00,230.03,4.87,0.88
2026-07-15 21:45:00,229.07,3.56,0.89
2026-07-15 21:50:00,232.92,4.23,0.89
2026-07-15 21:55:00,232.77,5.04,0.91
2026-07-15 22:00:00,227.33,4.58,0.89
2026-07-15 22:05:00,233.01,5.05,0.89
2026-07-15 22:10:00,231.4,2.83,0.9
2026-07-15 22:15:00,225.65,4.02,0.94
2026-07-15 22:20:00,227.55,4.81,0.93
2026-07-15 22:25:00,225.21,2.83,0.89
2026-07-15 22:30:00,230.75,5.42,0.94
2026-07-15 22:35:00,232.72,4.88,0.93
2026-07-15 22:40:00,232.83,3.16,0.93
2026-07-15 22:45:00,229.06,3.26,0.91
2026-07-15 22:50:00,226.36,4.94,0.91
2026-07-15 22:55:00,229.82,2.76,0.92
2026-07-15 23:00:00,231.14,3.4,0.88
2026-07-15 23:05:00,230.41,5.92,0.9
2026-07-15 23:10:00,229.44,3.54,0.92
2026-07-15 23:15:00,230.76,2.79,0.93
2026-07-15 23:20:00,232.15,3.43,0.92
2026-07-15 23:25:00,229.93,3.21,0.89
2026-07-15 23:30:00,225.47,3.62,0.94
2026-07-15 23:35:00,227.88,5.55,0.92
2026-07-15 23:40:00,227.68,2.85,0.89
2026-07-15 23:45:00,227.82,4.75,0.92
2026-07-15 23:50:00,231.04,3.55,0.93
2026-07-15 23:55:00,225.53,5.07,0.92
2026-07-16 00:00:00,232.59,0.56,0.84
2026-07-16 00:05:00,226.5,0.58,0.86
2026-07-16 00:10:00,226.7,1.03,0.82
2026-07-16 00:15:00,230.29,1.31,0.84
2026-07-16 00:20:00,228.5,0.78,0.83
2026-07-16 00:25:00,226.47,0.86,0.83
2026-07-16 00:30:00,229.53,0.44,0.87
2026-07-16 00:35:00,233.12,0.79,0.8
2026-07-16 00:40:00,234.24,1.57,0.85
2026-07-16 00:45:00,226.47,1.36,0.87
2026-07-16 00:50:00,226.67,1.02,0.86
2026-07-16 00:55:00,234.34,0.69,0.88
2026-07-16 01:00:00,234.08,1.66,0.86
2026-07-16 01:05:00,229.61,1.72,0.82
2026-07-16 01:10:00,233.17,0.58,0.81
2026-07-16 01:15:00,227.89,1.23,0.86
2026-07-16 01:20:00,234.74,0.49,0.81
2026-07-16 01:25:00,234.4,1.19,0.83
2026-07-16 01:30:00,225.71,0.95,0.87
2026-07-16 01:35:00,230.65,1.69,0.83
2026-07-16 01:40:00,229.51,0.58,0.84
2026-07-16 01:45:00,233.68,0.67,0.85
2026-07-16 01:50:00,234.58,0.42,0.86
2026-07-16 01:55:00,226.89,0.72,0.85
2026-07-16 02:00:00,232.74,1.57,0.86
2026-07-16 02:05:00,228.26,1.41,0.84
2026-07-16 02:10:00,225.28,1.48,0.85
2026-07-16 02:15:00,228.34,1.65,0.81
2026-07-16 02:20:00,234.09,0.88,0.87
2026-07-16 02:25:00,233.53,1.53,0.86
2026-07-16 02:30:00,232.21,0.85,0.82
2026-07-16 02:35:00,232.1,0.4,0.83
2026-07-16 02:40:00,234.62,0.96,0.84
2026-07-16 02:45:00,225.97,1.2,0.86
2026-07-16 02:50:00,232.07,1.51,0.83
2026-07-16 02:55:00,226.2,1.02,0.83
2026-07-16 03:00:00,228.73,0.5,0.86
2026-07-16 03:05:00,226.79,0.71,0.87
2026-07-16 03:10:00,229.13,1.6,0.8
2026-07-16 03:15:00,234.1,0.53,0.85
2026-07-16 03:20:00,229.61,0.81,0.84
2026-07-16 03:25:00,225.9,0.77,0.82
2026-07-16 03:30:00,233.95,0.66,0.86
2026-07-16 03:35:00,233.57,1.52,0.86
2026-07-16 03:40:00,231.16,0.48,0.84
2026-07-16 03:45:00,231.97,0.6,0.84
2026-07-16 03:50:00,227.43,0.64,0.8
2026-07-16 03:55:00,227.47,0.51,0.82
2026-07-16 04:00:00,233.1,1.18,0.82
2026-07-16 04:05:00,227.57,0.73,0.87
2026-07-16 04:10:00,229.89,1.17,0.87
2026-07-16 04:15:00,232.98,0.6,0.87
2026-07-16 04:20:00,234.06,1.08,0.86
2026-07-16 04:25:00,225.88,1.77,0.88
2026-07-16 04:30:00,233.22,1.16,0.84
2026-07-16 04:35:00,233.53,0.54,0.83
2026-07-16 04:40:00,231.91,1.12,0.83
2026-07-16 04:45:00,225.04,0.84,0.86
2026-07-16 04:50:00,228.12,0.62,0.83
2026-07-16 04:55:00,234.87,0.71,0.85
2026-07-16 05:00:00,231.88,1.36,0.87
2026-07-16 05:05:00,230.92,1.54,0.82
2026-07-16 05:10:00,225.99,0.91,0.88
2026-07-16 05:15:00,227.56,0.58,0.85
2026-07-16 05:20:00,229.13,1.69,0.81
2026-07-16 05:25:00,230.85,1.0,0.82
2026-07-16 05:30:00,226.92,1.67,0.81
2026-07-16 05:35:00,225.04,1.61,0.82
2026-07-16 05:40:00,234.59,0.77,0.82
2026-07-16 05:45:00,228.23,1.47,0.83
2026-07-16 05:50:00,227.53,0.48,0.84
2026-07-16 05:55:00,227.58,1.4,0.82
2026-07-16 06:00:00,232.83,1.03,0.82
2026-07-16 06:05:00,229.44,0.41,0.82
2026-07-16 06:10:00,229.95,1.63,0.85
2026-07-16 06:15:00,231.6,1.63,0.82
2026-07-16 06:20:00,226.73,0.71,0.86
2026-07-16 06:25:00,228.25,0.79,0.82
2026-07-16 06:30:00,226.98,0.83,0.83
2026-07-16 06:35:00,226.31,1.21,0.86
2026-07-16 06:40:00,233.16,1.6,0.84
2026-07-16 06:45:00,232.61,1.64,0.88
2026-07-16 06:50:00,225.57,1.23,0.82
2026-07-16 06:55:00,229.16,1.29,0.81
2026-07-16 07:00:00,227.61,0.83,0.81
2026-07-16 07:05:00,231.7,0.75,0.86
2026-07-16 07:10:00,231.86,0.83,0.86
2026-07-16 07:15:00,225.02,0.87,0.85
2026-07-16 07:20:00,229.84,0.79,0.86
2026-07-16 07:25:00,233.69,1.68,0.87
2026-07-16 07:30:00,230.74,0.63,0.84
2026-07-16 07:35:00,233.51,1.26,0.81
2026-07-16 07:40:00,227.9,0.58,0.84
2026-07-16 07:45:00,232.11,1.23,0.8
2026-07-16 07:50:00,230.83,0.54,0.85
2026-07-16 07:55:00,227.35,1.49,0.85
2026-07-16 08:00:00,234.1,1.01,0.83
2026-07-16 08:05:00,231.64,1.31,0.83
2026-07-16 08:10:00,234.98,0.44,0.85
2026-07-16 08:15:00,234.91,1.52,0.81
2026-07-16 08:20:00,229.73,1.56,0.81
2026-07-16 08:25:00,225.41,0.88,0.86
2026-07-16 08:30:00,228.94,1.45,0.81
2026-07-16 08:35:00,226.77,1.34,0.8
2026-07-16 08:40:00,226.98,1.22,0.84
2026-07-16 08:45:00,232.47,0.68,0.8
2026-07-16 08:50:00,233.61,1.23,0.86
2026-07-16 08:55:00,225.94,1.64,0.83
2026-07-16 09:00:00,229.04,1.14,0.86
2026-07-16 09:05:00,231.28,1.52,0.87
2026-07-16 09:10:00,233.9,1.48,0.87
2026-07-16 09:15:00,234.21,1.74,0.81
2026-07-16 09:20:00,225.41,0.53,0.87
2026-07-16 09:25:00,227.62,1.03,0.81
2026-07-16 09:30:00,232.98,1.44,0.88
2026-07-16 09:35:00,234.35,0.71,0.82
2026-07-16 09:40:00,230.56,1.68,0.81
2026-07-16 09:45:00,225.71,1.54,0.83
2026-07-16 09:50:00,226.42,1.76,0.87
2026-07-16 09:55:00,225.32,1.3,0.82
2026-07-16 10:00:00,228.56,6.15,0.93
2026-07-16 10:05:00,228.3,4.73,0.96
2026-07-16 10:10:00,234.75,4.85,0.97
2026-07-16 10:15:00,230.88,8.1,0.94
2026-07-16 10:20:00,234.31,5.72,0.95
2026-07-16 10:25:00,226.76,9.7,0.96
2026-07-16 10:30:00,226.77,4.24,0.93
2026-07-16 10:35:00,234.73,4.25,0.94
2026-07-16 10:40:00,225.1,9.39,0.93
2026-07-16 10:45:00,233.2,9.9,0.93
2026-07-16 10:50:00,230.45,6.42,0.92
2026-07-16 10:55:00,231.68,9.09,0.97
2026-07-16 11:00:00,228.26,9.66,0.93
2026-07-16 11:05:00,233.06,4.83,0.94
2026-07-16 11:10:00,232.07,4.89,0.96
2026-07-16 11:15:00,228.18,7.21,0.97
2026-07-16 11:20:00,234.91,7.74,0.95
2026-07-16 11:25:00,232.86,8.24,0.94
2026-07-16 11:30:00,227.87,9.95,0.96
2026-07-16 11:35:00,232.43,9.67,0.96
2026-07-16 11:40:00,229.39,4.86,0.95
2026-07-16 11:45:00,227.73,7.49,0.93
2026-07-16 11:50:00,234.73,7.52,0.96
2026-07-16 11:55:00,234.23,6.3,0.94
2026-07-16 12:00:00,232.62,8.42,0.96
2026-07-16 12:05:00,232.27,7.5,0.97
2026-07-16 12:10:00,233.63,6.88,0.95
2026-07-16 12:15:00,232.0,6.29,0.96
2026-07-16 12:20:00,230.66,4.92,0.93
2026-07-16 12:25:00,225.65,9.17,0.95
2026-07-16 12:30:00,234.69,5.71,0.97
2026-07-16 12:35:00,234.46,9.01,0.96
2026-07-16 12:40:00,229.53,5.38,0.94
2026-07-16 12:45:00,234.6,6.14,0.96
2026-07-16 12:50:00,232.55,8.29,0.93
2026-07-16 12:55:00,227.56,6.87,0.94
2026-07-16 13:00:00,234.43,8.96,0.96
2026-07-16 13:05:00,233.08,6.57,0.96
2026-07-16 13:10:00,231.14,6.33,0.93
2026-07-16 13:15:00,226.0,5.31,0.96
2026-07-16 13:20:00,234.12,7.0,0.94
2026-07-16 13:25:00,225.24,6.36,0.95
2026-07-16 13:30:00,234.32,8.87,0.98
2026-07-16 13:35:00,231.71,7.97,0.93
2026-07-16 13:40:00,231.46,7.04,0.98
2026-07-16 13:45:00,225.53,8.96,0.97
2026-07-16 13:50:00,231.08,6.13,0.98
2026-07-16 13:55:00,228.22,4.99,0.96
2026-07-16 14:00:00,233.35,6.19,0.95
2026-07-16 14:05:00,228.07,9.52,0.97
2026-07-16 14:10:00,232.29,4.35,0.98
2026-07-16 14:15:00,233.04,6.64,0.94
2026-07-16 14:20:00,232.18,6.57,0.94
2026-07-16 14:25:00,229.96,7.6,0.93
2026-07-16 14:30:00,226.86,6.94,0.98
2026-07-16 14:35:00,229.86,4.34,0.98
2026-07-16 14:40:00,232.79,4.75,0.95
2026-07-16 14:45:00,233.19,5.54,0.97
2026-07-16 14:50:00,230.77,4.72,0.92
2026-07-16 14:55:00,229.22,4.41,0.96
2026-07-16 15:00:00,229.81,7.6,0.92
2026-07-16 15:05:00,227.92,9.89,0.97
2026-07-16 15:10:00,230.51,9.27,0.96
2026-07-16 15:15:00,226.73,4.62,0.96
2026-07-16 15:20:00,230.97,8.82,0.97
2026-07-16 15:25:00,233.45,9.84,0.95
2026-07-16 15:30:00,225.73,5.91,0.94
2026-07-16 15:35:00,233.75,9.53,0.93
2026-07-16 15:40:00,225.44,8.72,0.96
2026-07-16 15:45:00,232.05,9.94,0.94
2026-07-16 15:50:00,225.53,8.03,0.98
2026-07-16 15:55:00,232.5,7.81,0.95
2026-07-16 16:00:00,227.71,5.91,0.94
2026-07-16 16:05:00,232.45,6.85,0.94
2026-07-16 16:10:00,230.3,5.99,0.96
2026-07-16 16:15:00,229.73,7.44,0.96
2026-07-16 16:20:00,233.73,8.45,0.97
2026-07-16 16:25:00,230.13,7.54,0.96
2026-07-16 16:30:00,225.35,7.61,0.96
2026-07-16 16:35:00,229.28,7.37,0.98
2026-07-16 16:40:00,234.74,7.83,0.97
2026-07-16 16:45:00,227.21,8.18,0.98
2026-07-16 16:50:00,229.74,4.81,0.97
2026-07-16 16:55:00,233.18,4.17,0.97
2026-07-16 17:00:00,233.2,9.69,0.93
2026-07-16 17:05:00,228.92,6.87,0.97
2026-07-16 17:10:00,230.81,4.93,0.93
2026-07-16 17:15:00,228.61,5.16,0.93
2026-07-16 17:20:00,226.99,7.64,0.96
2026-07-16 17:25:00,227.4,8.9,0.94
2026-07-16 17:30:00,227.84,6.51,0.97
2026-07-16 17:35:00,229.2,8.84,0.96
2026-07-16 17:40:00,225.13,4.94,0.97
2026-07-16 17:45:00,232.96,4.13,0.97
2026-07-16 17:50:00,234.38,8.16,0.92
2026-07-16 17:55:00,229.24,8.85,0.95
2026-07-16 18:00:00,230.09,6.61,0.92
2026-07-16 18:05:00,231.53,8.78,0.96
2026-07-16 18:10:00,225.7,5.31,0.92
2026-07-16 18:15:00,227.22,6.46,0.97
2026-07-16 18:20:00,225.09,5.54,0.92
2026-07-16 18:25:00,228.34,7.31,0.97
2026-07-16 18:30:00,229.5,7.05,0.95
2026-07-16 18:35:00,231.93,5.11,0.95
2026-07-16 18:40:00,234.38,4.14,0.95
2026-07-16 18:45:00,230.65,8.49,0.97
2026-07-16 18:50:00,230.18,7.27,0.93
2026-07-16 18:55:00,231.4,5.58,0.97
2026-07-16 19:00:00,234.04,4.64,0.9
2026-07-16 19:05:00,233.67,3.84,0.91
2026-07-16 19:10:00,226.37,5.44,0.92
2026-07-16 19:15:00,230.95,4.75,0.88
2026-07-16 19:20:00,225.78,5.34,0.89
2026-07-16 19:25:00,225.15,5.75,0.93
2026-07-16 19:30:00,232.77,2.79,0.88
2026-07-16 19:35:00,233.43,5.91,0.93
2026-07-16 19:40:00,230.38,5.01,0.9
2026-07-16 19:45:00,228.14,2.52,0.9
2026-07-16 19:50:00,225.81,3.19,0.92
2026-07-16 19:55:00,234.47,5.09,0.92
2026-07-16 20:00:00,227.6,2.77,0.88
2026-07-16 20:05:00,229.1,3.79,0.92
2026-07-16 20:10:00,227.52,5.14,0.88
2026-07-16 20:15:00,229.17,2.69,0.93
2026-07-16 20:20:00,229.28,3.81,0.89
2026-07-16 20:25:00,234.53,4.65,0.88
2026-07-16 20:30:00,232.68,4.19,0.89
2026-07-16 20:35:00,230.96,5.16,0.89
2026-07-16 20:40:00,233.88,3.67,0.93
2026-07-16 20:45:00,227.06,2.91,0.93
2026-07-16 20:50:00,225.9,3.92,0.94
2026-07-16 20:55:00,225.24,5.12,0.93
2026-07-16 21:00:00,226.38,5.47,0.9
2026-07-16 21:05:00,229.01,2.93,0.89
2026-07-16 21:10:00,228.18,3.34,0.92
2026-07-16 21:15:00,229.62,5.57,0.9
2026-07-16 21:20:00,228.03,3.62,0.93
2026-07-16 21:25:00,225.79,2.7,0.9
2026-07-16 21:30:00,232.29,5.34,0.92
2026-07-16 21:35:00,226.71,3.0,0.92
2026-07-16 21:40:00,232.84,5.04,0.91
2026-07-16 21:45:00,226.12,3.14,0.92
2026-07-16 21:50:00,225.56,4.74,0.89
2026-07-16 21:55:00,226.82,4.16,0.94
2026-07-16 22:00:00,227.37,4.61,0.89
2026-07-16 22:05:00,229.8,5.44,0.92
2026-07-16 22:10:00,227.66,4.82,0.9
2026-07-16 22:15:00,228.04,3.83,0.91
2026-07-16 22:20:00,232.7,5.9,0.93
2026-07-16 22:25:00,228.76,2.89,0.93
2026-07-16 22:30:00,228.81,4.03,0.89
2026-07-16 22:35:00,230.42,3.97,0.91
2026-07-16 22:40:00,225.0,5.44,0.89
2026-07-16 22:45:00,231.94,3.34,0.91
2026-07-16 22:50:00,226.92,5.91,0.9
2026-07-16 22:55:00,225.36,3.45,0.89
2026-07-16 23:00:00,230.6,4.83,0.92
2026-07-16 23:05:00,231.81,3.89,0.9
2026-07-16 23:10:00,228.62,2.63,0.93
2026-07-16 23:15:00,228.91,3.78,0.91
2026-07-16 23:20:00,229.24,3.93,0.9
2026-07-16 23:25:00,228.84,3.94,0.91
2026-07-16 23:30:00,232.2,4.42,0.92
2026-07-16 23:35:00,227.92,4.16,0.9
2026-07-16 23:40:00,227.31,3.84,0.91
2026-07-16 23:45:00,230.3,4.15,0.94
2026-07-16 23:50:00,229.25,3.0,0.94
2026-07-16 23:55:00,229.47,5.34,0.9
2026-07-17 00:00:00,232.78,1.32,0.81
2026-07-17 00:05:00,230.45,0.7,0.82
2026-07-17 00:10:00,234.5,0.75,0.82
2026-07-17 00:15:00,228.31,0.49,0.81
2026-07-17 00:20:00,234.96,1.65,0.82
2026-07-17 00:25:00,225.53,0.88,0.86
2026-07-17 00:30:00,229.21,1.47,0.85
2026-07-17 00:35:00,227.34,1.01,0.83
2026-07-17 00:40:00,227.31,0.42,0.84
2026-07-17 00:45:00,234.24,1.31,0.87
2026-07-17 00:50:00,231.99,1.01,0.85
2026-07-17 00:55:00,232.73,0.64,0.81
2026-07-17 01:00:00,226.6,0.47,0.83
2026-07-17 01:05:00,233.43,1.35,0.87
2026-07-17 01:10:00,228.89,0.69,0.84
2026-07-17 01:15:00,233.88,1.1,0.83
2026-07-17 01:20:00,229.35,0.71,0.82
2026-07-17 01:25:00,230.17,1.41,0.85
2026-07-17 01:30:00,228.37,0.55,0.81
2026-07-17 01:35:00,232.51,0.72,0.87
2026-07-17 01:40:00,232.1,1.51,0.87
2026-07-17 01:45:00,233.56,0.66,0.86
2026-07-17 01:50:00,232.85,0.42,0.87
2026-07-17 01:55:00,232.87,0.98,0.81
2026-07-17 02:00:00,231.3,1.62,0.83
2026-07-17 02:05:00,229.76,1.77,0.87
2026-07-17 02:10:00,230.45,1.5,0.85
2026-07-17 02:15:00,228.95,0.48,0.85
2026-07-17 02:20:00,231.75,0.72,0.86
2026-07-17 02:25:00,231.94,1.36,0.84
2026-07-17 02:30:00,225.14,1.62,0.83
2026-07-17 02:35:00,232.1,1.72,0.85
2026-07-17 02:40:00,226.39,1.33,0.84
2026-07-17 02:45:00,229.4,1.6,0.87
2026-07-17 02:50:00,234.61,1.22,0.88
2026-07-17 02:55:00,227.53,1.63,0.81
2026-07-17 03:00:00,225.35,1.79,0.82
2026-07-17 03:05:00,233.53,0.91,0.82
2026-07-17 03:10:00,228.46,1.09,0.82
2026-07-17 03:15:00,228.31,1.57,0.85
2026-07-17 03:20:00,229.25,1.12,0.87
2026-07-17 03:25:00,232.01,0.91,0.88
2026-07-17 03:30:00,229.19,1.13,0.84
2026-07-17 03:35:00,233.67,1.55,0.87
2026-07-17 03:40:00,227.4,1.76,0.81
2026-07-17 03:45:00,233.53,1.75,0.83
2026-07-17 03:50:00,232.45,1.09,0.86
2026-07-17 03:55:00,226.42,1.05,0.81
2026-07-17 04:00:00,227.19,1.73,0.83
2026-07-17 04:05:00,229.91,1.69,0.87
2026-07-17 04:10:00,229.12,1.71,0.88
2026-07-17 04:15:00,227.8,1.52,0.85
2026-07-17 04:20:00,233.26,0.61,0.83
2026-07-17 04:25:00,232.61,1.0,0.85
2026-07-17 04:30:00,234.99,1.19,0.87
2026-07-17 04:35:00,227.48,1.25,0.84
2026-07-17 04:40:00,234.05,0.51,0.86
2026-07-17 04:45:00,231.76,1.52,0.81
2026-07-17 04:50:00,233.48,1.69,0.82
2026-07-17 04:55:00,234.82,0.78,0.87
2026-07-17 05:00:00,228.64,1.66,0.85
2026-07-17 05:05:00,228.94,1.57,0.85
2026-07-17 05:10:00,233.4,1.57,0.81
2026-07-17 05:15:00,230.87,0.95,0.85
2026-07-17 05:20:00,228.97,1.59,0.84
2026-07-17 05:25:00,229.65,1.12,0.85
2026-07-17 05:30:00,231.3,0.59,0.83
2026-07-17 05:35:00,227.6,0.54,0.85
2026-07-17 05:40:00,225.34,0.54,0.8
2026-07-17 05:45:00,233.58,0.49,0.85
2026-07-17 05:50:00,232.26,0.64,0.85
2026-07-17 05:55:00,228.6,1.65,0.8
2026-07-17 06:00:00,226.93,0.49,0.81
2026-07-17 06:05:00,234.39,1.67,0.86
2026-07-17 06:10:00,233.7,0.49,0.86
2026-07-17 06:15:00,232.04,1.66,0.84
2026-07-17 06:20:00,225.82,0.92,0.88
2026-07-17 06:25:00,226.66,1.42,0.82
2026-07-17 06:30:00,234.68,1.69,0.83
2026-07-17 06:35:00,231.75,0.92,0.86
2026-07-17 06:40:00,232.56,0.59,0.86
2026-07-17 06:45:00,229.07,1.09,0.8
2026-07-17 06:50:00,227.58,0.49,0.82
2026-07-17 06:55:00,226.13,1.03,0.87
2026-07-17 07:00:00,226.24,0.42,0.87
2026-07-17 07:05:00,233.19,0.87,0.87
2026-07-17 07:10:00,227.09,1.21,0.81
2026-07-17 07:15:00,235.0,0.57,0.85
2026-07-17 07:20:00,233.8,1.2,0.87
2026-07-17 07:25:00,227.35,0.54,0.85
2026-07-17 07:30:00,229.58,0.48,0.83
2026-07-17 07:35:00,230.68,0.93,0.81
2026-07-17 07:40:00,225.55,1.33,0.8
2026-07-17 07:45:00,233.13,0.52,0.86
2026-07-17 07:50:00,228.34,1.36,0.8
2026-07-17 07:55:00,230.9,1.15,0.85
2026-07-17 08:00:00,234.95,0.82,0.84
2026-07-17 08:05:00,232.47,1.24,0.84
2026-07-17 08:10:00,229.98,0.44,0.85
2026-07-17 08:15:00,231.51,1.63,0.87
2026-07-17 08:20:00,231.47,0.9,0.84
2026-07-17 08:25:00,225.31,1.51,0.88
2026-07-17 08:30:00,234.36,1.28,0.8
2026-07-17 08:35:00,227.01,1.08,0.81
2026-07-17 08:40:00,226.09,0.6,0.88
2026-07-17 08:45:00,225.74,1.77,0.85
2026-07-17 08:50:00,232.97,1.24,0.81
2026-07-17 08:55:00,227.37,0.83,0.82
2026-07-17 09:00:00,229.5,1.21,0.81
2026-07-17 09:05:00,229.77,1.54,0.87
2026-07-17 09:10:00,226.55,1.69,0.86
2026-07-17 09:15:00,225.99,1.27,0.86
2026-07-17 09:20:00,233.77,0.59,0.85
2026-07-17 09:25:00,230.84,0.98,0.86
2026-07-17 09:30:00,230.21,1.73,0.81
2026-07-17 09:35:00,229.77,0.79,0.86
2026-07-17 09:40:00,234.06,1.05,0.83
2026-07-17 09:45:00,231.72,1.52,0.87
2026-07-17 09:50:00,225.07,0.81,0.86
2026-07-17 09:55:00,230.43,0.7,0.84
2026-07-17 10:00:00,229.02,8.87,0.94
2026-07-17 10:05:00,228.34,7.85,0.95
2026-07-17 10:10:00,225.78,9.25,0.92
2026-07-17 10:15:00,226.64,6.19,0.97
2026-07-17 10:20:00,232.11,9.08,0.95
2026-07-17 10:25:00,225.89,7.46,0.97
2026-07-17 10:30:00,231.55,6.91,0.93
2026-07-17 10:35:00,226.71,4.26,0.93
2026-07-17 10:40:00,225.25,8.17,0.95
2026-07-17 10:45:00,226.29,9.44,0.98
2026-07-17 10:50:00,230.33,7.88,0.96
2026-07-17 10:55:00,231.2,8.84,0.94
2026-07-17 11:00:00,228.8,4.13,0.94
2026-07-17 11:05:00,227.39,6.11,0.93
2026-07-17 11:10:00,230.68,7.04,0.98
2026-07-17 11:15:00,231.96,4.01,0.93
2026-07-17 11:20:00,231.86,8.22,0.96
2026-07-17 11:25:00,225.2,5.73,0.97
2026-07-17 11:30:00,229.96,6.33,0.95
2026-07-17 11:35:00,232.96,4.89,0.92
2026-07-17 11:40:00,227.03,7.35,0.97
2026-07-17 11:45:00,229.76,7.58,0.97
2026-07-17 11:50:00,228.46,4.75,0.95
2026-07-17 11:55:00,228.61,9.24,0.98
2026-07-17 12:00:00,231.41,8.12,0.98
2026-07-17 12:05:00,226.55,4.31,0.98
2026-07-17 12:10:00,233.06,9.3,0.92
2026-07-17 12:15:00,231.85,7.41,0.93
2026-07-17 12:20:00,232.29,4.6,0.95
2026-07-17 12:25:00,234.58,7.69,0.98
2026-07-17 12:30:00,232.93,8.51,0.97
2026-07-17 12:35:00,228.44,4.96,0.98
2026-07-17 12:40:00,226.73,7.44,0.97
2026-07-17 12:45:00,233.1,6.28,0.98
2026-07-17 12:50:00,231.31,9.72,0.94
2026-07-17 12:55:00,234.6,4.23,0.96
2026-07-17 13:00:00,230.0,7.13,0.98
2026-07-17 13:05:00,227.52,4.91,0.94
2026-07-17 13:10:00,234.51,9.23,0.96
2026-07-17 13:15:00,226.75,9.86,0.96
2026-07-17 13:20:00,231.33,4.83,0.92
2026-07-17 13:25:00,233.05,5.37,0.95
2026-07-17 13:30:00,234.03,4.7,0.97
2026-07-17 13:35:00,228.0,9.98,0.96
2026-07-17 13:40:00,227.28,5.26,0.95
2026-07-17 13:45:00,229.34,5.3,0.95
2026-07-17 13:50:00,233.8,5.48,0.93
2026-07-17 13:55:00,231.49,7.15,0.94
2026-07-17 14:00:00,233.87,6.49,0.94
2026-07-17 14:05:00,227.92,9.96,0.93
2026-07-17 14:10:00,230.18,9.78,0.98
2026-07-17 14:15:00,226.78,6.3,0.95
2026-07-17 14:20:00,230.65,5.18,0.95
2026-07-17 14:25:00,234.8,8.38,0.93
2026-07-17 14:30:00,234.26,7.08,0.93
2026-07-17 14:35:00,225.33,7.4,0.98
2026-07-17 14:40:00,226.91,4.76,0.92
2026-07-17 14:45:00,230.08,5.35,0.96
2026-07-17 14:50:00,225.97,7.4,0.97
2026-07-17 14:55:00,227.79,4.49,0.94
2026-07-17 15:00:00,225.77,4.82,0.95
2026-07-17 15:05:00,232.33,8.0,0.95
2026-07-17 15:10:00,225.49,5.15,0.95
2026-07-17 15:15:00,226.7,7.28,0.97
2026-07-17 15:20:00,231.04,6.47,0.93
2026-07-17 15:25:00,230.95,4.46,0.97
2026-07-17 15:30:00,227.41,9.03,0.93
2026-07-17 15:35:00,229.4,5.23,0.97
2026-07-17 15:40:00,234.95,9.31,0.95
2026-07-17 15:45:00,225.94,6.47,0.98
2026-07-17 15:50:00,226.31,4.74,0.93
2026-07-17 15:55:00,231.87,7.27,0.96
2026-07-17 16:00:00,225.81,5.49,0.98
2026-07-17 16:05:00,227.0,7.68,0.96
2026-07-17 16:10:00,228.6,8.86,0.92
2026-07-17 16:15:00,225.26,4.36,0.94
2026-07-17 16:20:00,228.55,9.44,0.92
2026-07-17 16:25:00,230.96,5.92,0.92
2026-07-17 16:30:00,232.89,9.41,0.93
2026-07-17 16:35:00,230.97,7.36,0.98
2026-07-17 16:40:00,234.49,5.51,0.93
2026-07-17 16:45:00,229.5,4.09,0.96
2026-07-17 16:50:00,225.18,9.29,0.96
2026-07-17 16:55:00,226.95,6.6,0.93
2026-07-17 17:00:00,226.45,7.29,0.93
2026-07-17 17:05:00,225.72,8.95,0.98
2026-07-17 17:10:00,225.01,5.46,0.96
2026-07-17 17:15:00,230.94,6.89,0.94
2026-07-17 17:20:00,229.68,4.82,0.93
2026-07-17 17:25:00,234.08,7.01,0.94
2026-07-17 17:30:00,229.32,5.68,0.95
2026-07-17 17:35:00,225.22,4.86,0.98
2026-07-17 17:40:00,231.76,4.77,0.97
2026-07-17 17:45:00,232.5,9.51,0.97
2026-07-17 17:50:00,232.92,6.08,0.95
2026-07-17 17:55:00,225.01,6.52,0.93
2026-07-17 18:00:00,229.42,4.32,0.92
2026-07-17 18:05:00,230.83,7.46,0.93
2026-07-17 18:10:00,234.41,4.19,0.95
2026-07-17 18:15:00,227.81,6.89,0.95
2026-07-17 18:20:00,227.25,9.5,0.92
2026-07-17 18:25:00,226.25,5.72,0.96
2026-07-17 18:30:00,232.65,7.47,0.96
2026-07-17 18:35:00,234.16,5.84,0.96
2026-07-17 18:40:00,230.16,7.34,0.94
2026-07-17 18:45:00,227.23,4.38,0.94
2026-07-17 18:50:00,231.97,7.58,0.96
2026-07-17 18:55:00,225.99,5.42,0.94
2026-07-17 19:00:00,231.89,4.33,0.94
2026-07-17 19:05:00,229.27,3.63,0.94
2026-07-17 19:10:00,230.0,4.04,0.9
2026-07-17 19:15:00,229.36,3.47,0.93
2026-07-17 19:20:00,229.96,5.14,0.88
2026-07-17 19:25:00,228.36,4.03,0.93
2026-07-17 19:30:00,230.83,4.04,0.94
2026-07-17 19:35:00,232.56,2.85,0.91
2026-07-17 19:40:00,228.75,2.57,0.88
2026-07-17 19:45:00,229.41,4.08,0.92
2026-07-17 19:50:00,229.43,3.41,0.9
2026-07-17 19:55:00,226.86,3.99,0.89
2026-07-17 20:00:00,227.69,3.94,0.94
2026-07-17 20:05:00,234.28,3.04,0.94
2026-07-17 20:10:00,226.7,4.83,0.94
2026-07-17 20:15:00,228.73,3.16,0.9
2026-07-17 20:20:00,226.25,4.68,0.94
2026-07-17 20:25:00,231.14,5.89,0.89
2026-07-17 20:30:00,231.54,4.04,0.92
2026-07-17 20:35:00,228.9,3.49,0.88
2026-07-17 20:40:00,229.64,4.86,0.92
2026-07-17 20:45:00,227.39,4.61,0.91
2026-07-17 20:50:00,234.35,3.09,0.92
2026-07-17 20:55:00,234.59,5.37,0.94
2026-07-17 21:00:00,225.77,4.32,0.92
2026-07-17 21:05:00,228.52,5.73,0.91
2026-07-17 21:10:00,233.0,2.83,0.89
2026-07-17 21:15:00,232.33,4.37,0.94
2026-07-17 21:20:00,226.6,3.96,0.9
2026-07-17 21:25:00,232.16,4.34,0.88
2026-07-17 21:30:00,227.31,3.02,0.91
2026-07-17 21:35:00,228.37,5.04,0.88
2026-07-17 21:40:00,233.14,4.55,0.93
2026-07-17 21:45:00,231.06,2.98,0.9
2026-07-17 21:50:00,234.94,3.68,0.89
2026-07-17 21:55:00,226.82,2.57,0.92
2026-07-17 22:00:00,230.47,4.95,0.9
2026-07-17 22:05:00,229.77,5.31,0.89
2026-07-17 22:10:00,229.82,4.99,0.9
2026-07-17 22:15:00,233.86,4.8,0.89
2026-07-17 22:20:00,225.61,5.31,0.93
2026-07-17 22:25:00,225.53,4.33,0.93
2026-07-17 22:30:00,233.62,3.02,0.88
2026-07-17 22:35:00,227.56,2.52,0.9
2026-07-17 22:40:00,233.98,4.86,0.89
2026-07-17 22:45:00,229.18,3.72,0.92
2026-07-17 22:50:00,227.97,5.77,0.88
2026-07-17 22:55:00,230.22,5.35,0.91
2026-07-17 23:00:00,233.29,5.32,0.89
2026-07-17 23:05:00,230.96,3.7,0.9
2026-07-17 23:10:00,229.76,2.71,0.93
2026-07-17 23:15:00,230.29,3.36,0.9
2026-07-17 23:20:00,232.29,3.01,0.88
2026-07-17 23:25:00,230.95,4.24,0.91
2026-07-17 23:30:00,230.32,5.92,0.89
2026-07-17 23:35:00,226.94,5.23,0.88
2026-07-17 23:40:00,228.56,5.71,0.9
2026-07-17 23:45:00,232.43,5.71,0.94
2026-07-17 23:50:00,226.62,2.91,0.94
2026-07-17 23:55:00,231.4,5.38,0.89
2026-07-18 00:00:00,226.93,0.65,0.83
2026-07-18 00:05:00,226.55,1.26,0.86
2026-07-18 00:10:00,230.37,0.74,0.84
2026-07-18 00:15:00,226.21,0.44,0.83
2026-07-18 00:20:00,230.81,0.5,0.81
2026-07-18 00:25:00,233.35,1.21,0.86
2026-07-18 00:30:00,229.2,1.22,0.85
2026-07-18 00:35:00,230.89,0.54,0.8
2026-07-18 00:40:00,228.46,0.88,0.86
2026-07-18 00:45:00,227.51,0.79,0.81
2026-07-18 00:50:00,227.98,1.57,0.87
2026-07-18 00:55:00,225.13,1.36,0.82
2026-07-18 01:00:00,225.75,0.5,0.87
2026-07-18 01:05:00,227.73,1.56,0.84
2026-07-18 01:10:00,226.98,0.76,0.87
2026-07-18 01:15:00,225.94,1.23,0.84
2026-07-18 01:20:00,225.7,1.68,0.84
2026-07-18 01:25:00,234.16,0.6,0.87
2026-07-18 01:30:00,227.47,0.79,0.84
2026-07-18 01:35:00,231.22,1.19,0.83
2026-07-18 01:40:00,230.65,0.55,0.8
2026-07-18 01:45:00,234.91,0.78,0.81
2026-07-18 01:50:00,227.42,0.72,0.87
2026-07-18 01:55:00,226.35,0.87,0.85
2026-07-18 02:00:00,232.34,1.72,0.85
2026-07-18 02:05:00,231.95,1.66,0.82
2026-07-18 02:10:00,227.58,1.49,0.86
2026-07-18 02:15:00,230.22,0.84,0.85
2026-07-18 02:20:00,233.5,1.18,0.87
2026-07-18 02:25:00,228.22,1.33,0.84
2026-07-18 02:30:00,233.43,0.57,0.81
2026-07-18 02:35:00,234.17,0.77,0.86
2026-07-18 02:40:00,230.55,1.11,0.82
2026-07-18 02:45:00,232.24,0.7,0.81
2026-07-18 02:50:00,226.14,1.29,0.88
2026-07-18 02:55:00,229.78,1.46,0.85
2026-07-18 03:00:00,232.95,0.67,0.83
2026-07-18 03:05:00,230.76,0.7,0.81
2026-07-18 03:10:00,230.85,1.59,0.83
2026-07-18 03:15:00,228.33,1.1,0.82
2026-07-18 03:20:00,225.48,1.22,0.84
2026-07-18 03:25:00,226.55,1.76,0.82
2026-07-18 03:30:00,226.48,0.58,0.83
2026-07-18 03:35:00,234.7,1.19,0.88
2026-07-18 03:40:00,231.71,0.84,0.81
2026-07-18 03:45:00,231.56,1.43,0.86
2026-07-18 03:50:00,230.24,1.12,0.85
2026-07-18 03:55:00,233.55,1.35,0.87
2026-07-18 04:00:00,231.4,0.68,0.84
2026-07-18 04:05:00,231.2,1.05,0.82
2026-07-18 04:10:00,226.75,1.73,0.88
2026-07-18 04:15:00,225.73,0.51,0.84
2026-07-18 04:20:00,233.56,1.19,0.82
2026-07-18 04:25:00,229.13,1.14,0.87
2026-07-18 04:30:00,233.71,1.08,0.84
2026-07-18 04:35:00,229.93,0.52,0.86
2026-07-18 04:40:00,229.27,0.73,0.85
2026-07-18 04:45:00,227.5,1.46,0.88
2026-07-18 04:50:00,233.87,0.54,0.86
2026-07-18 04:55:00,228.23,1.02,0.86
2026-07-18 05:00:00,229.69,0.73,0.85
2026-07-18 05:05:00,229.5,1.54,0.83
2026-07-18 05:10:00,230.19,0.48,0.81
2026-07-18 05:15:00,227.81,1.35,0.87
2026-07-18 05:20:00,234.84,0.49,0.85
2026-07-18 05:25:00,233.16,1.33,0.83
2026-07-18 05:30:00,227.75,1.53,0.85
2026-07-18 05:35:00,229.47,1.56,0.87
2026-07-18 05:40:00,227.45,0.72,0.87
2026-07-18 05:45:00,230.62,0.53,0.83
2026-07-18 05:50:00,227.27,1.65,0.82
2026-07-18 05:55:00,227.88,1.76,0.82
2026-07-18 06:00:00,234.31,1.49,0.82
2026-07-18 06:05:00,234.4,1.44,0.8
2026-07-18 06:10:00,228.73,0.83,0.84
2026-07-18 06:15:00,228.23,1.1,0.87
2026-07-18 06:20:00,233.27,1.75,0.83
2026-07-18 06:25:00,231.26,0.94,0.88
2026-07-18 06:30:00,229.75,1.54,0.81
2026-07-18 06:35:00,230.3,1.05,0.83
2026-07-18 06:40:00,232.52,1.23,0.86
2026-07-18 06:45:00,229.08,0.87,0.87
2026-07-18 06:50:00,226.14,1.46,0.83
2026-07-18 06:55:00,225.41,1.43,0.88
2026-07-18 07:00:00,227.91,1.01,0.83
2026-07-18 07:05:00,229.87,1.24,0.86
2026-07-18 07:10:00,228.35,1.58,0.85
2026-07-18 07:15:00,227.4,0.68,0.82
2026-07-18 07:20:00,234.85,0.84,0.84
2026-07-18 07:25:00,225.49,0.8,0.85
2026-07-18 07:30:00,228.06,1.22,0.81
2026-07-18 07:35:00,229.67,0.85,0.84
2026-07-18 07:40:00,233.15,1.72,0.86
2026-07-18 07:45:00,225.11,1.22,0.81
2026-07-18 07:50:00,227.29,1.29,0.84
2026-07-18 07:55:00,231.5,1.35,0.86
2026-07-18 08:00:00,227.51,0.7,0.85
2026-07-18 08:05:00,227.8,1.3,0.82
2026-07-18 08:10:00,230.11,1.06,0.86
2026-07-18 08:15:00,227.91,1.47,0.81
2026-07-18 08:20:00,232.6,0.72,0.81
2026-07-18 08:25:00,226.18,0.82,0.8
2026-07-18 08:30:00,232.61,1.58,0.85
2026-07-18 08:35:00,232.08,1.02,0.85
